CNPJ_CIA;DT_REFER;VERSAO;DENOM_CIA;CD_CVM;GRUPO_DFP;MOEDA;ESCALA_MOEDA;ORDEM_EXERC;DT_INI_EXERC;DT_FIM_EXERC;COLUNA_DF;CD_CONTA;DS_CONTA;VL_CONTA;ST_CONTA_FIXA
09.305.994/0001-29;2022-12-31;1;AZUL S.A.;24112;DF Individual - Demonstração das Mutações do Patrimônio Líquido;REAL;MIL;PENÚLTIMO;2021-01-01;2021-12-31;Capital Social Integralizado;5.01;Saldos Iniciais;2266992.0;S
09.305.994/0001-29;2022-12-31;1;AZUL S.A.;24112;DF Individual - Demonstração das Mutações do Patrimônio Líquido;REAL;MIL;ÚLTIMO;2022-01-01;2022-12-31;Capital Social Integralizado;5.01;Saldos Iniciais;2290996.0;S
09.305.994/0001-29;2022-12-31;1;AZUL S.A.;24112;DF Individual - Demonstração das Mutações do Patrimônio Líquido;REAL;MIL;PENÚLTIMO;2021-01-01;2021-12-31;Reservas de Capital, Opções Outorgadas e Ações em Tesouraria;5.01;Saldos Iniciais;1934705.0;S
09.305.994/0001-29;2022-12-31;1;AZUL S.A.;24112;DF Individual - Demonstração das Mutações do Patrimônio Líquido;REAL;MIL;ÚLTIMO;2022-01-01;2022-12-31;Reservas de Capital, Opções Outorgadas e Ações em Tesouraria;5.01;Saldos Iniciais;1934512.0;S
09.305.994/0001-29;2022-12-31;1;AZUL S.A.;24112;DF Individual - Demonstração das Mutações do Patrimônio Líquido;REAL;MIL;PENÚLTIMO;2021-01-01;2021-12-31;Reservas de Lucro;5.01;Saldos Iniciais;0.0;S
09.305.994/0001-29;2022-12-31;1;AZUL S.A.;24112;DF Individual - Demonstração das Mutações do Patrimônio Líquido;REAL;MIL;ÚLTIMO;2022-01-01;2022-12-31;Reservas de Lucro;5.01;Saldos Iniciais;0.0;S
09.305.994/0001-29;2022-12-31;1;AZUL S.A.;24112;DF Individual - Demonstração das Mutações do Patrimônio Líquido;REAL;MIL;PENÚLTIMO;2021-01-01;2021-12-31;Lucros ou Prejuízos Acumulados;5.01;Saldos Iniciais;-18351102.0;S
09.305.994/0001-29;2022-12-31;1;AZUL S.A.;24112;DF Individual - Demonstração das Mutações do Patrimônio Líquido;REAL;MIL;ÚLTIMO;2022-01-01;2022-12-31;Lucros ou Prejuízos Acumulados;5.01;Saldos Iniciais;-22564310.0;S
09.305.994/0001-29;2022-12-31;1;AZUL S.A.;24112;DF Individual - Demonstração das Mutações do Patrimônio Líquido;REAL;MIL;PENÚLTIMO;2021-01-01;2021-12-31;Outros Resultados Abrangentes;5.01;Saldos Iniciais;655.0;S
09.305.994/0001-29;2022-12-31;1;AZUL S.A.;24112;DF Individual - Demonstração das Mutações do Patrimônio Líquido;REAL;MIL;ÚLTIMO;2022-01-01;2022-12-31;Outros Resultados Abrangentes;5.01;Saldos Iniciais;5799.0;S
09.305.994/0001-29;2022-12-31;1;AZUL S.A.;24112;DF Individual - Demonstração das Mutações do Patrimônio Líquido;REAL;MIL;PENÚLTIMO;2021-01-01;2021-12-31;Patrimônio Líquido;5.01;Saldos Iniciais;-14148750.0;S
09.305.994/0001-29;2022-12-31;1;AZUL S.A.;24112;DF Individual - Demonstração das Mutações do Patrimônio Líquido;REAL;MIL;ÚLTIMO;2022-01-01;2022-12-31;Patrimônio Líquido;5.01;Saldos Iniciais;-18333003.0;S
09.305.994/0001-29;2022-12-31;1;AZUL S.A.;24112;DF Individual - Demonstração das Mutações do Patrimônio Líquido;REAL;MIL;PENÚLTIMO;2021-01-01;2021-12-31;Capital Social Integralizado;5.02;Ajustes de Exercícios Anteriores;0.0;S
09.305.994/0001-29;2022-12-31;1;AZUL S.A.;24112;DF Individual - Demonstração das Mutações do Patrimônio Líquido;REAL;MIL;ÚLTIMO;2022-01-01;2022-12-31;Capital Social Integralizado;5.02;Ajustes de Exercícios Anteriores;0.0;S
09.305.994/0001-29;2022-12-31;1;AZUL S.A.;24112;DF Individual - Demonstração das Mutações do Patrimônio Líquido;REAL;MIL;PENÚLTIMO;2021-01-01;2021-12-31;Reservas de Capital, Opções Outorgadas e Ações em Tesouraria;5.02;Ajustes de Exercícios Anteriores;0.0;S
09.305.994/0001-29;2022-12-31;1;AZUL S.A.;24112;DF Individual - Demonstração das Mutações do Patrimônio Líquido;REAL;MIL;ÚLTIMO;2022-01-01;2022-12-31;Reservas de Capital, Opções Outorgadas e Ações em Tesouraria;5.02;Ajustes de Exercícios Anteriores;0.0;S
09.305.994/0001-29;2022-12-31;1;AZUL S.A.;24112;DF Individual - Demonstração das Mutações do Patrimônio Líquido;REAL;MIL;PENÚLTIMO;2021-01-01;2021-12-31;Reservas de Lucro;5.02;Ajustes de Exercícios Anteriores;0.0;S
09.305.994/0001-29;2022-12-31;1;AZUL S.A.;24112;DF Individual - Demonstração das Mutações do Patrimônio Líquido;REAL;MIL;ÚLTIMO;2022-01-01;2022-12-31;Reservas de Lucro;5.02;Ajustes de Exercícios Anteriores;0.0;S
09.305.994/0001-29;2022-12-31;1;AZUL S.A.;24112;DF Individual - Demonstração das Mutações do Patrimônio Líquido;REAL;MIL;PENÚLTIMO;2021-01-01;2021-12-31;Lucros ou Prejuízos Acumulados;5.02;Ajustes de Exercícios Anteriores;0.0;S
09.305.994/0001-29;2022-12-31;1;AZUL S.A.;24112;DF Individual - Demonstração das Mutações do Patrimônio Líquido;REAL;MIL;ÚLTIMO;2022-01-01;2022-12-31;Lucros ou Prejuízos Acumulados;5.02;Ajustes de Exercícios Anteriores;0.0;S
09.305.994/0001-29;2022-12-31;1;AZUL S.A.;24112;DF Individual - Demonstração das Mutações do Patrimônio Líquido;REAL;MIL;PENÚLTIMO;2021-01-01;2021-12-31;Outros Resultados Abrangentes;5.02;Ajustes de Exercícios Anteriores;0.0;S
09.305.994/0001-29;2022-12-31;1;AZUL S.A.;24112;DF Individual - Demonstração das Mutações do Patrimônio Líquido;REAL;MIL;ÚLTIMO;2022-01-01;2022-12-31;Outros Resultados Abrangentes;5.02;Ajustes de Exercícios Anteriores;0.0;S
09.305.994/0001-29;2022-12-31;1;AZUL S.A.;24112;DF Individual - Demonstração das Mutações do Patrimônio Líquido;REAL;MIL;PENÚLTIMO;2021-01-01;2021-12-31;Patrimônio Líquido;5.02;Ajustes de Exercícios Anteriores;0.0;S
09.305.994/0001-29;2022-12-31;1;AZUL S.A.;24112;DF Individual - Demonstração das Mutações do Patrimônio Líquido;REAL;MIL;ÚLTIMO;2022-01-01;2022-12-31;Patrimônio Líquido;5.02;Ajustes de Exercícios Anteriores;0.0;S
09.305.994/0001-29;2022-12-31;1;AZUL S.A.;24112;DF Individual - Demonstração das Mutações do Patrimônio Líquido;REAL;MIL;PENÚLTIMO;2021-01-01;2021-12-31;Capital Social Integralizado;5.03;Saldos Iniciais Ajustados;2266992.0;S
09.305.994/0001-29;2022-12-31;1;AZUL S.A.;24112;DF Individual - Demonstração das Mutações do Patrimônio Líquido;REAL;MIL;ÚLTIMO;2022-01-01;2022-12-31;Capital Social Integralizado;5.03;Saldos Iniciais Ajustados;2290996.0;S
09.305.994/0001-29;2022-12-31;1;AZUL S.A.;24112;DF Individual - Demonstração das Mutações do Patrimônio Líquido;REAL;MIL;PENÚLTIMO;2021-01-01;2021-12-31;Reservas de Capital, Opções Outorgadas e Ações em Tesouraria;5.03;Saldos Iniciais Ajustados;1934705.0;S
09.305.994/0001-29;2022-12-31;1;AZUL S.A.;24112;DF Individual - Demonstração das Mutações do Patrimônio Líquido;REAL;MIL;ÚLTIMO;2022-01-01;2022-12-31;Reservas de Capital, Opções Outorgadas e Ações em Tesouraria;5.03;Saldos Iniciais Ajustados;1934512.0;S
09.305.994/0001-29;2022-12-31;1;AZUL S.A.;24112;DF Individual - Demonstração das Mutações do Patrimônio Líquido;REAL;MIL;PENÚLTIMO;2021-01-01;2021-12-31;Reservas de Lucro;5.03;Saldos Iniciais Ajustados;0.0;S
09.305.994/0001-29;2022-12-31;1;AZUL S.A.;24112;DF Individual - Demonstração das Mutações do Patrimônio Líquido;REAL;MIL;ÚLTIMO;2022-01-01;2022-12-31;Reservas de Lucro;5.03;Saldos Iniciais Ajustados;0.0;S
09.305.994/0001-29;2022-12-31;1;AZUL S.A.;24112;DF Individual - Demonstração das Mutações do Patrimônio Líquido;REAL;MIL;PENÚLTIMO;2021-01-01;2021-12-31;Lucros ou Prejuízos Acumulados;5.03;Saldos Iniciais Ajustados;-18351102.0;S
09.305.994/0001-29;2022-12-31;1;AZUL S.A.;24112;DF Individual - Demonstração das Mutações do Patrimônio Líquido;REAL;MIL;ÚLTIMO;2022-01-01;2022-12-31;Lucros ou Prejuízos Acumulados;5.03;Saldos Iniciais Ajustados;-22564310.0;S
09.305.994/0001-29;2022-12-31;1;AZUL S.A.;24112;DF Individual - Demonstração das Mutações do Patrimônio Líquido;REAL;MIL;PENÚLTIMO;2021-01-01;2021-12-31;Outros Resultados Abrangentes;5.03;Saldos Iniciais Ajustados;655.0;S
09.305.994/0001-29;2022-12-31;1;AZUL S.A.;24112;DF Individual - Demonstração das Mutações do Patrimônio Líquido;REAL;MIL;ÚLTIMO;2022-01-01;2022-12-31;Outros Resultados Abrangentes;5.03;Saldos Iniciais Ajustados;5799.0;S
09.305.994/0001-29;2022-12-31;1;AZUL S.A.;24112;DF Individual - Demonstração das Mutações do Patrimônio Líquido;REAL;MIL;PENÚLTIMO;2021-01-01;2021-12-31;Patrimônio Líquido;5.03;Saldos Iniciais Ajustados;-14148750.0;S
09.305.994/0001-29;2022-12-31;1;AZUL S.A.;24112;DF Individual - Demonstração das Mutações do Patrimônio Líquido;REAL;MIL;ÚLTIMO;2022-01-01;2022-12-31;Patrimônio Líquido;5.03;Saldos Iniciais Ajustados;-18333003.0;S
09.305.994/0001-29;2022-12-31;1;AZUL S.A.;24112;DF Individual - Demonstração das Mutações do Patrimônio Líquido;REAL;MIL;PENÚLTIMO;2021-01-01;2021-12-31;Capital Social Integralizado;5.04;Transações de Capital com os Sócios;24004.0;S
09.305.994/0001-29;2022-12-31;1;AZUL S.A.;24112;DF Individual - Demonstração das Mutações do Patrimônio Líquido;REAL;MIL;ÚLTIMO;2022-01-01;2022-12-31;Capital Social Integralizado;5.04;Transações de Capital com os Sócios;23006.0;S
09.305.994/0001-29;2022-12-31;1;AZUL S.A.;24112;DF Individual - Demonstração das Mutações do Patrimônio Líquido;REAL;MIL;PENÚLTIMO;2021-01-01;2021-12-31;Reservas de Capital, Opções Outorgadas e Ações em Tesouraria;5.04;Transações de Capital com os Sócios;-193.0;S
09.305.994/0001-29;2022-12-31;1;AZUL S.A.;24112;DF Individual - Demonstração das Mutações do Patrimônio Líquido;REAL;MIL;ÚLTIMO;2022-01-01;2022-12-31;Reservas de Capital, Opções Outorgadas e Ações em Tesouraria;5.04;Transações de Capital com os Sócios;25382.0;S
09.305.994/0001-29;2022-12-31;1;AZUL S.A.;24112;DF Individual - Demonstração das Mutações do Patrimônio Líquido;REAL;MIL;PENÚLTIMO;2021-01-01;2021-12-31;Reservas de Lucro;5.04;Transações de Capital com os Sócios;0.0;S
09.305.994/0001-29;2022-12-31;1;AZUL S.A.;24112;DF Individual - Demonstração das Mutações do Patrimônio Líquido;REAL;MIL;ÚLTIMO;2022-01-01;2022-12-31;Reservas de Lucro;5.04;Transações de Capital com os Sócios;0.0;S
09.305.994/0001-29;2022-12-31;1;AZUL S.A.;24112;DF Individual - Demonstração das Mutações do Patrimônio Líquido;REAL;MIL;PENÚLTIMO;2021-01-01;2021-12-31;Lucros ou Prejuízos Acumulados;5.04;Transações de Capital com os Sócios;0.0;S
09.305.994/0001-29;2022-12-31;1;AZUL S.A.;24112;DF Individual - Demonstração das Mutações do Patrimônio Líquido;REAL;MIL;ÚLTIMO;2022-01-01;2022-12-31;Lucros ou Prejuízos Acumulados;5.04;Transações de Capital com os Sócios;0.0;S
09.305.994/0001-29;2022-12-31;1;AZUL S.A.;24112;DF Individual - Demonstração das Mutações do Patrimônio Líquido;REAL;MIL;PENÚLTIMO;2021-01-01;2021-12-31;Outros Resultados Abrangentes;5.04;Transações de Capital com os Sócios;0.0;S
09.305.994/0001-29;2022-12-31;1;AZUL S.A.;24112;DF Individual - Demonstração das Mutações do Patrimônio Líquido;REAL;MIL;ÚLTIMO;2022-01-01;2022-12-31;Outros Resultados Abrangentes;5.04;Transações de Capital com os Sócios;0.0;S
09.305.994/0001-29;2022-12-31;1;AZUL S.A.;24112;DF Individual - Demonstração das Mutações do Patrimônio Líquido;REAL;MIL;PENÚLTIMO;2021-01-01;2021-12-31;Patrimônio Líquido;5.04;Transações de Capital com os Sócios;23811.0;S
09.305.994/0001-29;2022-12-31;1;AZUL S.A.;24112;DF Individual - Demonstração das Mutações do Patrimônio Líquido;REAL;MIL;ÚLTIMO;2022-01-01;2022-12-31;Patrimônio Líquido;5.04;Transações de Capital com os Sócios;48388.0;S
09.305.994/0001-29;2022-12-31;1;AZUL S.A.;24112;DF Individual - Demonstração das Mutações do Patrimônio Líquido;REAL;MIL;PENÚLTIMO;2021-01-01;2021-12-31;Capital Social Integralizado;5.04.01;Aumentos de Capital;44509.0;S
09.305.994/0001-29;2022-12-31;1;AZUL S.A.;24112;DF Individual - Demonstração das Mutações do Patrimônio Líquido;REAL;MIL;ÚLTIMO;2022-01-01;2022-12-31;Capital Social Integralizado;5.04.01;Aumentos de Capital;23065.0;S
09.305.994/0001-29;2022-12-31;1;AZUL S.A.;24112;DF Individual - Demonstração das Mutações do Patrimônio Líquido;REAL;MIL;PENÚLTIMO;2021-01-01;2021-12-31;Reservas de Capital, Opções Outorgadas e Ações em Tesouraria;5.04.01;Aumentos de Capital;0.0;S
09.305.994/0001-29;2022-12-31;1;AZUL S.A.;24112;DF Individual - Demonstração das Mutações do Patrimônio Líquido;REAL;MIL;ÚLTIMO;2022-01-01;2022-12-31;Reservas de Capital, Opções Outorgadas e Ações em Tesouraria;5.04.01;Aumentos de Capital;0.0;S
09.305.994/0001-29;2022-12-31;1;AZUL S.A.;24112;DF Individual - Demonstração das Mutações do Patrimônio Líquido;REAL;MIL;PENÚLTIMO;2021-01-01;2021-12-31;Reservas de Lucro;5.04.01;Aumentos de Capital;0.0;S
09.305.994/0001-29;2022-12-31;1;AZUL S.A.;24112;DF Individual - Demonstração das Mutações do Patrimônio Líquido;REAL;MIL;ÚLTIMO;2022-01-01;2022-12-31;Reservas de Lucro;5.04.01;Aumentos de Capital;0.0;S
09.305.994/0001-29;2022-12-31;1;AZUL S.A.;24112;DF Individual - Demonstração das Mutações do Patrimônio Líquido;REAL;MIL;PENÚLTIMO;2021-01-01;2021-12-31;Lucros ou Prejuízos Acumulados;5.04.01;Aumentos de Capital;0.0;S
09.305.994/0001-29;2022-12-31;1;AZUL S.A.;24112;DF Individual - Demonstração das Mutações do Patrimônio Líquido;REAL;MIL;ÚLTIMO;2022-01-01;2022-12-31;Lucros ou Prejuízos Acumulados;5.04.01;Aumentos de Capital;0.0;S
09.305.994/0001-29;2022-12-31;1;AZUL S.A.;24112;DF Individual - Demonstração das Mutações do Patrimônio Líquido;REAL;MIL;PENÚLTIMO;2021-01-01;2021-12-31;Outros Resultados Abrangentes;5.04.01;Aumentos de Capital;0.0;S
09.305.994/0001-29;2022-12-31;1;AZUL S.A.;24112;DF Individual - Demonstração das Mutações do Patrimônio Líquido;REAL;MIL;ÚLTIMO;2022-01-01;2022-12-31;Outros Resultados Abrangentes;5.04.01;Aumentos de Capital;0.0;S
09.305.994/0001-29;2022-12-31;1;AZUL S.A.;24112;DF Individual - Demonstração das Mutações do Patrimônio Líquido;REAL;MIL;PENÚLTIMO;2021-01-01;2021-12-31;Patrimônio Líquido;5.04.01;Aumentos de Capital;0.0;S
09.305.994/0001-29;2022-12-31;1;AZUL S.A.;24112;DF Individual - Demonstração das Mutações do Patrimônio Líquido;REAL;MIL;ÚLTIMO;2022-01-01;2022-12-31;Patrimônio Líquido;5.04.01;Aumentos de Capital;23065.0;S
09.305.994/0001-29;2022-12-31;1;AZUL S.A.;24112;DF Individual - Demonstração das Mutações do Patrimônio Líquido;REAL;MIL;PENÚLTIMO;2021-01-01;2021-12-31;Capital Social Integralizado;5.04.02;Gastos com Emissão de Ações;0.0;S
09.305.994/0001-29;2022-12-31;1;AZUL S.A.;24112;DF Individual - Demonstração das Mutações do Patrimônio Líquido;REAL;MIL;ÚLTIMO;2022-01-01;2022-12-31;Capital Social Integralizado;5.04.02;Gastos com Emissão de Ações;0.0;S
09.305.994/0001-29;2022-12-31;1;AZUL S.A.;24112;DF Individual - Demonstração das Mutações do Patrimônio Líquido;REAL;MIL;PENÚLTIMO;2021-01-01;2021-12-31;Reservas de Capital, Opções Outorgadas e Ações em Tesouraria;5.04.02;Gastos com Emissão de Ações;0.0;S
09.305.994/0001-29;2022-12-31;1;AZUL S.A.;24112;DF Individual - Demonstração das Mutações do Patrimônio Líquido;REAL;MIL;ÚLTIMO;2022-01-01;2022-12-31;Reservas de Capital, Opções Outorgadas e Ações em Tesouraria;5.04.02;Gastos com Emissão de Ações;0.0;S
09.305.994/0001-29;2022-12-31;1;AZUL S.A.;24112;DF Individual - Demonstração das Mutações do Patrimônio Líquido;REAL;MIL;PENÚLTIMO;2021-01-01;2021-12-31;Reservas de Lucro;5.04.02;Gastos com Emissão de Ações;0.0;S
09.305.994/0001-29;2022-12-31;1;AZUL S.A.;24112;DF Individual - Demonstração das Mutações do Patrimônio Líquido;REAL;MIL;ÚLTIMO;2022-01-01;2022-12-31;Reservas de Lucro;5.04.02;Gastos com Emissão de Ações;0.0;S
09.305.994/0001-29;2022-12-31;1;AZUL S.A.;24112;DF Individual - Demonstração das Mutações do Patrimônio Líquido;REAL;MIL;PENÚLTIMO;2021-01-01;2021-12-31;Lucros ou Prejuízos Acumulados;5.04.02;Gastos com Emissão de Ações;0.0;S
09.305.994/0001-29;2022-12-31;1;AZUL S.A.;24112;DF Individual - Demonstração das Mutações do Patrimônio Líquido;REAL;MIL;ÚLTIMO;2022-01-01;2022-12-31;Lucros ou Prejuízos Acumulados;5.04.02;Gastos com Emissão de Ações;0.0;S
09.305.994/0001-29;2022-12-31;1;AZUL S.A.;24112;DF Individual - Demonstração das Mutações do Patrimônio Líquido;REAL;MIL;PENÚLTIMO;2021-01-01;2021-12-31;Outros Resultados Abrangentes;5.04.02;Gastos com Emissão de Ações;0.0;S
09.305.994/0001-29;2022-12-31;1;AZUL S.A.;24112;DF Individual - Demonstração das Mutações do Patrimônio Líquido;REAL;MIL;ÚLTIMO;2022-01-01;2022-12-31;Outros Resultados Abrangentes;5.04.02;Gastos com Emissão de Ações;0.0;S
09.305.994/0001-29;2022-12-31;1;AZUL S.A.;24112;DF Individual - Demonstração das Mutações do Patrimônio Líquido;REAL;MIL;PENÚLTIMO;2021-01-01;2021-12-31;Patrimônio Líquido;5.04.02;Gastos com Emissão de Ações;0.0;S
09.305.994/0001-29;2022-12-31;1;AZUL S.A.;24112;DF Individual - Demonstração das Mutações do Patrimônio Líquido;REAL;MIL;ÚLTIMO;2022-01-01;2022-12-31;Patrimônio Líquido;5.04.02;Gastos com Emissão de Ações;0.0;S
09.305.994/0001-29;2022-12-31;1;AZUL S.A.;24112;DF Individual - Demonstração das Mutações do Patrimônio Líquido;REAL;MIL;PENÚLTIMO;2021-01-01;2021-12-31;Capital Social Integralizado;5.04.03;Opções Outorgadas Reconhecidas;0.0;S
09.305.994/0001-29;2022-12-31;1;AZUL S.A.;24112;DF Individual - Demonstração das Mutações do Patrimônio Líquido;REAL;MIL;ÚLTIMO;2022-01-01;2022-12-31;Capital Social Integralizado;5.04.03;Opções Outorgadas Reconhecidas;0.0;S
09.305.994/0001-29;2022-12-31;1;AZUL S.A.;24112;DF Individual - Demonstração das Mutações do Patrimônio Líquido;REAL;MIL;PENÚLTIMO;2021-01-01;2021-12-31;Reservas de Capital, Opções Outorgadas e Ações em Tesouraria;5.04.03;Opções Outorgadas Reconhecidas;-1416.0;S
09.305.994/0001-29;2022-12-31;1;AZUL S.A.;24112;DF Individual - Demonstração das Mutações do Patrimônio Líquido;REAL;MIL;ÚLTIMO;2022-01-01;2022-12-31;Reservas de Capital, Opções Outorgadas e Ações em Tesouraria;5.04.03;Opções Outorgadas Reconhecidas;23627.0;S
09.305.994/0001-29;2022-12-31;1;AZUL S.A.;24112;DF Individual - Demonstração das Mutações do Patrimônio Líquido;REAL;MIL;PENÚLTIMO;2021-01-01;2021-12-31;Reservas de Lucro;5.04.03;Opções Outorgadas Reconhecidas;0.0;S
09.305.994/0001-29;2022-12-31;1;AZUL S.A.;24112;DF Individual - Demonstração das Mutações do Patrimônio Líquido;REAL;MIL;ÚLTIMO;2022-01-01;2022-12-31;Reservas de Lucro;5.04.03;Opções Outorgadas Reconhecidas;0.0;S
09.305.994/0001-29;2022-12-31;1;AZUL S.A.;24112;DF Individual - Demonstração das Mutações do Patrimônio Líquido;REAL;MIL;PENÚLTIMO;2021-01-01;2021-12-31;Lucros ou Prejuízos Acumulados;5.04.03;Opções Outorgadas Reconhecidas;0.0;S
09.305.994/0001-29;2022-12-31;1;AZUL S.A.;24112;DF Individual - Demonstração das Mutações do Patrimônio Líquido;REAL;MIL;ÚLTIMO;2022-01-01;2022-12-31;Lucros ou Prejuízos Acumulados;5.04.03;Opções Outorgadas Reconhecidas;0.0;S
09.305.994/0001-29;2022-12-31;1;AZUL S.A.;24112;DF Individual - Demonstração das Mutações do Patrimônio Líquido;REAL;MIL;PENÚLTIMO;2021-01-01;2021-12-31;Outros Resultados Abrangentes;5.04.03;Opções Outorgadas Reconhecidas;0.0;S
09.305.994/0001-29;2022-12-31;1;AZUL S.A.;24112;DF Individual - Demonstração das Mutações do Patrimônio Líquido;REAL;MIL;ÚLTIMO;2022-01-01;2022-12-31;Outros Resultados Abrangentes;5.04.03;Opções Outorgadas Reconhecidas;0.0;S
09.305.994/0001-29;2022-12-31;1;AZUL S.A.;24112;DF Individual - Demonstração das Mutações do Patrimônio Líquido;REAL;MIL;PENÚLTIMO;2021-01-01;2021-12-31;Patrimônio Líquido;5.04.03;Opções Outorgadas Reconhecidas;40009.0;S
09.305.994/0001-29;2022-12-31;1;AZUL S.A.;24112;DF Individual - Demonstração das Mutações do Patrimônio Líquido;REAL;MIL;ÚLTIMO;2022-01-01;2022-12-31;Patrimônio Líquido;5.04.03;Opções Outorgadas Reconhecidas;23627.0;S
09.305.994/0001-29;2022-12-31;1;AZUL S.A.;24112;DF Individual - Demonstração das Mutações do Patrimônio Líquido;REAL;MIL;PENÚLTIMO;2021-01-01;2021-12-31;Capital Social Integralizado;5.04.04;Ações em Tesouraria Adquiridas;0.0;S
09.305.994/0001-29;2022-12-31;1;AZUL S.A.;24112;DF Individual - Demonstração das Mutações do Patrimônio Líquido;REAL;MIL;ÚLTIMO;2022-01-01;2022-12-31;Capital Social Integralizado;5.04.04;Ações em Tesouraria Adquiridas;0.0;S
09.305.994/0001-29;2022-12-31;1;AZUL S.A.;24112;DF Individual - Demonstração das Mutações do Patrimônio Líquido;REAL;MIL;PENÚLTIMO;2021-01-01;2021-12-31;Reservas de Capital, Opções Outorgadas e Ações em Tesouraria;5.04.04;Ações em Tesouraria Adquiridas;-16198.0;S
09.305.994/0001-29;2022-12-31;1;AZUL S.A.;24112;DF Individual - Demonstração das Mutações do Patrimônio Líquido;REAL;MIL;ÚLTIMO;2022-01-01;2022-12-31;Reservas de Capital, Opções Outorgadas e Ações em Tesouraria;5.04.04;Ações em Tesouraria Adquiridas;1755.0;S
09.305.994/0001-29;2022-12-31;1;AZUL S.A.;24112;DF Individual - Demonstração das Mutações do Patrimônio Líquido;REAL;MIL;PENÚLTIMO;2021-01-01;2021-12-31;Reservas de Lucro;5.04.04;Ações em Tesouraria Adquiridas;0.0;S
09.305.994/0001-29;2022-12-31;1;AZUL S.A.;24112;DF Individual - Demonstração das Mutações do Patrimônio Líquido;REAL;MIL;ÚLTIMO;2022-01-01;2022-12-31;Reservas de Lucro;5.04.04;Ações em Tesouraria Adquiridas;0.0;S
09.305.994/0001-29;2022-12-31;1;AZUL S.A.;24112;DF Individual - Demonstração das Mutações do Patrimônio Líquido;REAL;MIL;PENÚLTIMO;2021-01-01;2021-12-31;Lucros ou Prejuízos Acumulados;5.04.04;Ações em Tesouraria Adquiridas;0.0;S
09.305.994/0001-29;2022-12-31;1;AZUL S.A.;24112;DF Individual - Demonstração das Mutações do Patrimônio Líquido;REAL;MIL;ÚLTIMO;2022-01-01;2022-12-31;Lucros ou Prejuízos Acumulados;5.04.04;Ações em Tesouraria Adquiridas;0.0;S
09.305.994/0001-29;2022-12-31;1;AZUL S.A.;24112;DF Individual - Demonstração das Mutações do Patrimônio Líquido;REAL;MIL;PENÚLTIMO;2021-01-01;2021-12-31;Outros Resultados Abrangentes;5.04.04;Ações em Tesouraria Adquiridas;0.0;S
09.305.994/0001-29;2022-12-31;1;AZUL S.A.;24112;DF Individual - Demonstração das Mutações do Patrimônio Líquido;REAL;MIL;ÚLTIMO;2022-01-01;2022-12-31;Outros Resultados Abrangentes;5.04.04;Ações em Tesouraria Adquiridas;0.0;S
09.305.994/0001-29;2022-12-31;1;AZUL S.A.;24112;DF Individual - Demonstração das Mutações do Patrimônio Líquido;REAL;MIL;PENÚLTIMO;2021-01-01;2021-12-31;Patrimônio Líquido;5.04.04;Ações em Tesouraria Adquiridas;-16198.0;S
09.305.994/0001-29;2022-12-31;1;AZUL S.A.;24112;DF Individual - Demonstração das Mutações do Patrimônio Líquido;REAL;MIL;ÚLTIMO;2022-01-01;2022-12-31;Patrimônio Líquido;5.04.04;Ações em Tesouraria Adquiridas;1755.0;S
09.305.994/0001-29;2022-12-31;1;AZUL S.A.;24112;DF Individual - Demonstração das Mutações do Patrimônio Líquido;REAL;MIL;PENÚLTIMO;2021-01-01;2021-12-31;Capital Social Integralizado;5.04.05;Ações em Tesouraria Vendidas;0.0;S
09.305.994/0001-29;2022-12-31;1;AZUL S.A.;24112;DF Individual - Demonstração das Mutações do Patrimônio Líquido;REAL;MIL;ÚLTIMO;2022-01-01;2022-12-31;Capital Social Integralizado;5.04.05;Ações em Tesouraria Vendidas;0.0;S
09.305.994/0001-29;2022-12-31;1;AZUL S.A.;24112;DF Individual - Demonstração das Mutações do Patrimônio Líquido;REAL;MIL;PENÚLTIMO;2021-01-01;2021-12-31;Reservas de Capital, Opções Outorgadas e Ações em Tesouraria;5.04.05;Ações em Tesouraria Vendidas;17421.0;S
09.305.994/0001-29;2022-12-31;1;AZUL S.A.;24112;DF Individual - Demonstração das Mutações do Patrimônio Líquido;REAL;MIL;ÚLTIMO;2022-01-01;2022-12-31;Reservas de Capital, Opções Outorgadas e Ações em Tesouraria;5.04.05;Ações em Tesouraria Vendidas;0.0;S
09.305.994/0001-29;2022-12-31;1;AZUL S.A.;24112;DF Individual - Demonstração das Mutações do Patrimônio Líquido;REAL;MIL;PENÚLTIMO;2021-01-01;2021-12-31;Reservas de Lucro;5.04.05;Ações em Tesouraria Vendidas;0.0;S
09.305.994/0001-29;2022-12-31;1;AZUL S.A.;24112;DF Individual - Demonstração das Mutações do Patrimônio Líquido;REAL;MIL;ÚLTIMO;2022-01-01;2022-12-31;Reservas de Lucro;5.04.05;Ações em Tesouraria Vendidas;0.0;S
09.305.994/0001-29;2022-12-31;1;AZUL S.A.;24112;DF Individual - Demonstração das Mutações do Patrimônio Líquido;REAL;MIL;PENÚLTIMO;2021-01-01;2021-12-31;Lucros ou Prejuízos Acumulados;5.04.05;Ações em Tesouraria Vendidas;0.0;S
09.305.994/0001-29;2022-12-31;1;AZUL S.A.;24112;DF Individual - Demonstração das Mutações do Patrimônio Líquido;REAL;MIL;ÚLTIMO;2022-01-01;2022-12-31;Lucros ou Prejuízos Acumulados;5.04.05;Ações em Tesouraria Vendidas;0.0;S
09.305.994/0001-29;2022-12-31;1;AZUL S.A.;24112;DF Individual - Demonstração das Mutações do Patrimônio Líquido;REAL;MIL;PENÚLTIMO;2021-01-01;2021-12-31;Outros Resultados Abrangentes;5.04.05;Ações em Tesouraria Vendidas;0.0;S
09.305.994/0001-29;2022-12-31;1;AZUL S.A.;24112;DF Individual - Demonstração das Mutações do Patrimônio Líquido;REAL;MIL;ÚLTIMO;2022-01-01;2022-12-31;Outros Resultados Abrangentes;5.04.05;Ações em Tesouraria Vendidas;0.0;S
09.305.994/0001-29;2022-12-31;1;AZUL S.A.;24112;DF Individual - Demonstração das Mutações do Patrimônio Líquido;REAL;MIL;PENÚLTIMO;2021-01-01;2021-12-31;Patrimônio Líquido;5.04.05;Ações em Tesouraria Vendidas;0.0;S
09.305.994/0001-29;2022-12-31;1;AZUL S.A.;24112;DF Individual - Demonstração das Mutações do Patrimônio Líquido;REAL;MIL;ÚLTIMO;2022-01-01;2022-12-31;Patrimônio Líquido;5.04.05;Ações em Tesouraria Vendidas;0.0;S
09.305.994/0001-29;2022-12-31;1;AZUL S.A.;24112;DF Individual - Demonstração das Mutações do Patrimônio Líquido;REAL;MIL;PENÚLTIMO;2021-01-01;2021-12-31;Capital Social Integralizado;5.04.06;Dividendos;0.0;S
09.305.994/0001-29;2022-12-31;1;AZUL S.A.;24112;DF Individual - Demonstração das Mutações do Patrimônio Líquido;REAL;MIL;ÚLTIMO;2022-01-01;2022-12-31;Capital Social Integralizado;5.04.06;Dividendos;0.0;S
09.305.994/0001-29;2022-12-31;1;AZUL S.A.;24112;DF Individual - Demonstração das Mutações do Patrimônio Líquido;REAL;MIL;PENÚLTIMO;2021-01-01;2021-12-31;Reservas de Capital, Opções Outorgadas e Ações em Tesouraria;5.04.06;Dividendos;0.0;S
09.305.994/0001-29;2022-12-31;1;AZUL S.A.;24112;DF Individual - Demonstração das Mutações do Patrimônio Líquido;REAL;MIL;ÚLTIMO;2022-01-01;2022-12-31;Reservas de Capital, Opções Outorgadas e Ações em Tesouraria;5.04.06;Dividendos;0.0;S
09.305.994/0001-29;2022-12-31;1;AZUL S.A.;24112;DF Individual - Demonstração das Mutações do Patrimônio Líquido;REAL;MIL;PENÚLTIMO;2021-01-01;2021-12-31;Reservas de Lucro;5.04.06;Dividendos;0.0;S
09.305.994/0001-29;2022-12-31;1;AZUL S.A.;24112;DF Individual - Demonstração das Mutações do Patrimônio Líquido;REAL;MIL;ÚLTIMO;2022-01-01;2022-12-31;Reservas de Lucro;5.04.06;Dividendos;0.0;S
09.305.994/0001-29;2022-12-31;1;AZUL S.A.;24112;DF Individual - Demonstração das Mutações do Patrimônio Líquido;REAL;MIL;PENÚLTIMO;2021-01-01;2021-12-31;Lucros ou Prejuízos Acumulados;5.04.06;Dividendos;0.0;S
09.305.994/0001-29;2022-12-31;1;AZUL S.A.;24112;DF Individual - Demonstração das Mutações do Patrimônio Líquido;REAL;MIL;ÚLTIMO;2022-01-01;2022-12-31;Lucros ou Prejuízos Acumulados;5.04.06;Dividendos;0.0;S
09.305.994/0001-29;2022-12-31;1;AZUL S.A.;24112;DF Individual - Demonstração das Mutações do Patrimônio Líquido;REAL;MIL;PENÚLTIMO;2021-01-01;2021-12-31;Outros Resultados Abrangentes;5.04.06;Dividendos;0.0;S
09.305.994/0001-29;2022-12-31;1;AZUL S.A.;24112;DF Individual - Demonstração das Mutações do Patrimônio Líquido;REAL;MIL;ÚLTIMO;2022-01-01;2022-12-31;Outros Resultados Abrangentes;5.04.06;Dividendos;0.0;S
09.305.994/0001-29;2022-12-31;1;AZUL S.A.;24112;DF Individual - Demonstração das Mutações do Patrimônio Líquido;REAL;MIL;PENÚLTIMO;2021-01-01;2021-12-31;Patrimônio Líquido;5.04.06;Dividendos;0.0;S
09.305.994/0001-29;2022-12-31;1;AZUL S.A.;24112;DF Individual - Demonstração das Mutações do Patrimônio Líquido;REAL;MIL;ÚLTIMO;2022-01-01;2022-12-31;Patrimônio Líquido;5.04.06;Dividendos;0.0;S
09.305.994/0001-29;2022-12-31;1;AZUL S.A.;24112;DF Individual - Demonstração das Mutações do Patrimônio Líquido;REAL;MIL;PENÚLTIMO;2021-01-01;2021-12-31;Capital Social Integralizado;5.04.07;Juros sobre Capital Próprio;0.0;S
09.305.994/0001-29;2022-12-31;1;AZUL S.A.;24112;DF Individual - Demonstração das Mutações do Patrimônio Líquido;REAL;MIL;ÚLTIMO;2022-01-01;2022-12-31;Capital Social Integralizado;5.04.07;Juros sobre Capital Próprio;0.0;S
09.305.994/0001-29;2022-12-31;1;AZUL S.A.;24112;DF Individual - Demonstração das Mutações do Patrimônio Líquido;REAL;MIL;PENÚLTIMO;2021-01-01;2021-12-31;Reservas de Capital, Opções Outorgadas e Ações em Tesouraria;5.04.07;Juros sobre Capital Próprio;0.0;S
09.305.994/0001-29;2022-12-31;1;AZUL S.A.;24112;DF Individual - Demonstração das Mutações do Patrimônio Líquido;REAL;MIL;ÚLTIMO;2022-01-01;2022-12-31;Reservas de Capital, Opções Outorgadas e Ações em Tesouraria;5.04.07;Juros sobre Capital Próprio;0.0;S
09.305.994/0001-29;2022-12-31;1;AZUL S.A.;24112;DF Individual - Demonstração das Mutações do Patrimônio Líquido;REAL;MIL;PENÚLTIMO;2021-01-01;2021-12-31;Reservas de Lucro;5.04.07;Juros sobre Capital Próprio;0.0;S
09.305.994/0001-29;2022-12-31;1;AZUL S.A.;24112;DF Individual - Demonstração das Mutações do Patrimônio Líquido;REAL;MIL;ÚLTIMO;2022-01-01;2022-12-31;Reservas de Lucro;5.04.07;Juros sobre Capital Próprio;0.0;S
09.305.994/0001-29;2022-12-31;1;AZUL S.A.;24112;DF Individual - Demonstração das Mutações do Patrimônio Líquido;REAL;MIL;PENÚLTIMO;2021-01-01;2021-12-31;Lucros ou Prejuízos Acumulados;5.04.07;Juros sobre Capital Próprio;0.0;S
09.305.994/0001-29;2022-12-31;1;AZUL S.A.;24112;DF Individual - Demonstração das Mutações do Patrimônio Líquido;REAL;MIL;ÚLTIMO;2022-01-01;2022-12-31;Lucros ou Prejuízos Acumulados;5.04.07;Juros sobre Capital Próprio;0.0;S
09.305.994/0001-29;2022-12-31;1;AZUL S.A.;24112;DF Individual - Demonstração das Mutações do Patrimônio Líquido;REAL;MIL;PENÚLTIMO;2021-01-01;2021-12-31;Outros Resultados Abrangentes;5.04.07;Juros sobre Capital Próprio;0.0;S
09.305.994/0001-29;2022-12-31;1;AZUL S.A.;24112;DF Individual - Demonstração das Mutações do Patrimônio Líquido;REAL;MIL;ÚLTIMO;2022-01-01;2022-12-31;Outros Resultados Abrangentes;5.04.07;Juros sobre Capital Próprio;0.0;S
09.305.994/0001-29;2022-12-31;1;AZUL S.A.;24112;DF Individual - Demonstração das Mutações do Patrimônio Líquido;REAL;MIL;PENÚLTIMO;2021-01-01;2021-12-31;Patrimônio Líquido;5.04.07;Juros sobre Capital Próprio;0.0;S
09.305.994/0001-29;2022-12-31;1;AZUL S.A.;24112;DF Individual - Demonstração das Mutações do Patrimônio Líquido;REAL;MIL;ÚLTIMO;2022-01-01;2022-12-31;Patrimônio Líquido;5.04.07;Juros sobre Capital Próprio;0.0;S
09.305.994/0001-29;2022-12-31;1;AZUL S.A.;24112;DF Individual - Demonstração das Mutações do Patrimônio Líquido;REAL;MIL;PENÚLTIMO;2021-01-01;2021-12-31;Capital Social Integralizado;5.04.08;Adiantamento para futuro aumento de capital;-20505.0;N
09.305.994/0001-29;2022-12-31;1;AZUL S.A.;24112;DF Individual - Demonstração das Mutações do Patrimônio Líquido;REAL;MIL;ÚLTIMO;2022-01-01;2022-12-31;Capital Social Integralizado;5.04.08;Adiantamento para futuro aumento de capital;-59.0;N
09.305.994/0001-29;2022-12-31;1;AZUL S.A.;24112;DF Individual - Demonstração das Mutações do Patrimônio Líquido;REAL;MIL;PENÚLTIMO;2021-01-01;2021-12-31;Reservas de Capital, Opções Outorgadas e Ações em Tesouraria;5.04.08;Adiantamento para futuro aumento de capital;0.0;N
09.305.994/0001-29;2022-12-31;1;AZUL S.A.;24112;DF Individual - Demonstração das Mutações do Patrimônio Líquido;REAL;MIL;ÚLTIMO;2022-01-01;2022-12-31;Reservas de Capital, Opções Outorgadas e Ações em Tesouraria;5.04.08;Adiantamento para futuro aumento de capital;0.0;N
09.305.994/0001-29;2022-12-31;1;AZUL S.A.;24112;DF Individual - Demonstração das Mutações do Patrimônio Líquido;REAL;MIL;PENÚLTIMO;2021-01-01;2021-12-31;Reservas de Lucro;5.04.08;Adiantamento para futuro aumento de capital;0.0;N
09.305.994/0001-29;2022-12-31;1;AZUL S.A.;24112;DF Individual - Demonstração das Mutações do Patrimônio Líquido;REAL;MIL;ÚLTIMO;2022-01-01;2022-12-31;Reservas de Lucro;5.04.08;Adiantamento para futuro aumento de capital;0.0;N
09.305.994/0001-29;2022-12-31;1;AZUL S.A.;24112;DF Individual - Demonstração das Mutações do Patrimônio Líquido;REAL;MIL;PENÚLTIMO;2021-01-01;2021-12-31;Lucros ou Prejuízos Acumulados;5.04.08;Adiantamento para futuro aumento de capital;0.0;N
09.305.994/0001-29;2022-12-31;1;AZUL S.A.;24112;DF Individual - Demonstração das Mutações do Patrimônio Líquido;REAL;MIL;ÚLTIMO;2022-01-01;2022-12-31;Lucros ou Prejuízos Acumulados;5.04.08;Adiantamento para futuro aumento de capital;0.0;N
09.305.994/0001-29;2022-12-31;1;AZUL S.A.;24112;DF Individual - Demonstração das Mutações do Patrimônio Líquido;REAL;MIL;PENÚLTIMO;2021-01-01;2021-12-31;Outros Resultados Abrangentes;5.04.08;Adiantamento para futuro aumento de capital;0.0;N
09.305.994/0001-29;2022-12-31;1;AZUL S.A.;24112;DF Individual - Demonstração das Mutações do Patrimônio Líquido;REAL;MIL;ÚLTIMO;2022-01-01;2022-12-31;Outros Resultados Abrangentes;5.04.08;Adiantamento para futuro aumento de capital;0.0;N
09.305.994/0001-29;2022-12-31;1;AZUL S.A.;24112;DF Individual - Demonstração das Mutações do Patrimônio Líquido;REAL;MIL;PENÚLTIMO;2021-01-01;2021-12-31;Patrimônio Líquido;5.04.08;Adiantamento para futuro aumento de capital;0.0;N
09.305.994/0001-29;2022-12-31;1;AZUL S.A.;24112;DF Individual - Demonstração das Mutações do Patrimônio Líquido;REAL;MIL;ÚLTIMO;2022-01-01;2022-12-31;Patrimônio Líquido;5.04.08;Adiantamento para futuro aumento de capital;-59.0;N
09.305.994/0001-29;2022-12-31;1;AZUL S.A.;24112;DF Individual - Demonstração das Mutações do Patrimônio Líquido;REAL;MIL;PENÚLTIMO;2021-01-01;2021-12-31;Capital Social Integralizado;5.05;Resultado Abrangente Total;0.0;S
09.305.994/0001-29;2022-12-31;1;AZUL S.A.;24112;DF Individual - Demonstração das Mutações do Patrimônio Líquido;REAL;MIL;ÚLTIMO;2022-01-01;2022-12-31;Capital Social Integralizado;5.05;Resultado Abrangente Total;0.0;S
09.305.994/0001-29;2022-12-31;1;AZUL S.A.;24112;DF Individual - Demonstração das Mutações do Patrimônio Líquido;REAL;MIL;PENÚLTIMO;2021-01-01;2021-12-31;Reservas de Capital, Opções Outorgadas e Ações em Tesouraria;5.05;Resultado Abrangente Total;0.0;S
09.305.994/0001-29;2022-12-31;1;AZUL S.A.;24112;DF Individual - Demonstração das Mutações do Patrimônio Líquido;REAL;MIL;ÚLTIMO;2022-01-01;2022-12-31;Reservas de Capital, Opções Outorgadas e Ações em Tesouraria;5.05;Resultado Abrangente Total;0.0;S
09.305.994/0001-29;2022-12-31;1;AZUL S.A.;24112;DF Individual - Demonstração das Mutações do Patrimônio Líquido;REAL;MIL;PENÚLTIMO;2021-01-01;2021-12-31;Reservas de Lucro;5.05;Resultado Abrangente Total;0.0;S
09.305.994/0001-29;2022-12-31;1;AZUL S.A.;24112;DF Individual - Demonstração das Mutações do Patrimônio Líquido;REAL;MIL;ÚLTIMO;2022-01-01;2022-12-31;Reservas de Lucro;5.05;Resultado Abrangente Total;0.0;S
09.305.994/0001-29;2022-12-31;1;AZUL S.A.;24112;DF Individual - Demonstração das Mutações do Patrimônio Líquido;REAL;MIL;PENÚLTIMO;2021-01-01;2021-12-31;Lucros ou Prejuízos Acumulados;5.05;Resultado Abrangente Total;-4213208.0;S
09.305.994/0001-29;2022-12-31;1;AZUL S.A.;24112;DF Individual - Demonstração das Mutações do Patrimônio Líquido;REAL;MIL;ÚLTIMO;2022-01-01;2022-12-31;Lucros ou Prejuízos Acumulados;5.05;Resultado Abrangente Total;-722367.0;S
09.305.994/0001-29;2022-12-31;1;AZUL S.A.;24112;DF Individual - Demonstração das Mutações do Patrimônio Líquido;REAL;MIL;PENÚLTIMO;2021-01-01;2021-12-31;Outros Resultados Abrangentes;5.05;Resultado Abrangente Total;5144.0;S
09.305.994/0001-29;2022-12-31;1;AZUL S.A.;24112;DF Individual - Demonstração das Mutações do Patrimônio Líquido;REAL;MIL;ÚLTIMO;2022-01-01;2022-12-31;Outros Resultados Abrangentes;5.05;Resultado Abrangente Total;-518.0;S
09.305.994/0001-29;2022-12-31;1;AZUL S.A.;24112;DF Individual - Demonstração das Mutações do Patrimônio Líquido;REAL;MIL;PENÚLTIMO;2021-01-01;2021-12-31;Patrimônio Líquido;5.05;Resultado Abrangente Total;-4208064.0;S
09.305.994/0001-29;2022-12-31;1;AZUL S.A.;24112;DF Individual - Demonstração das Mutações do Patrimônio Líquido;REAL;MIL;ÚLTIMO;2022-01-01;2022-12-31;Patrimônio Líquido;5.05;Resultado Abrangente Total;-722885.0;S
09.305.994/0001-29;2022-12-31;1;AZUL S.A.;24112;DF Individual - Demonstração das Mutações do Patrimônio Líquido;REAL;MIL;PENÚLTIMO;2021-01-01;2021-12-31;Capital Social Integralizado;5.05.01;Lucro Líquido do Período;0.0;S
09.305.994/0001-29;2022-12-31;1;AZUL S.A.;24112;DF Individual - Demonstração das Mutações do Patrimônio Líquido;REAL;MIL;ÚLTIMO;2022-01-01;2022-12-31;Capital Social Integralizado;5.05.01;Lucro Líquido do Período;0.0;S
09.305.994/0001-29;2022-12-31;1;AZUL S.A.;24112;DF Individual - Demonstração das Mutações do Patrimônio Líquido;REAL;MIL;PENÚLTIMO;2021-01-01;2021-12-31;Reservas de Capital, Opções Outorgadas e Ações em Tesouraria;5.05.01;Lucro Líquido do Período;0.0;S
09.305.994/0001-29;2022-12-31;1;AZUL S.A.;24112;DF Individual - Demonstração das Mutações do Patrimônio Líquido;REAL;MIL;ÚLTIMO;2022-01-01;2022-12-31;Reservas de Capital, Opções Outorgadas e Ações em Tesouraria;5.05.01;Lucro Líquido do Período;0.0;S
09.305.994/0001-29;2022-12-31;1;AZUL S.A.;24112;DF Individual - Demonstração das Mutações do Patrimônio Líquido;REAL;MIL;PENÚLTIMO;2021-01-01;2021-12-31;Reservas de Lucro;5.05.01;Lucro Líquido do Período;0.0;S
09.305.994/0001-29;2022-12-31;1;AZUL S.A.;24112;DF Individual - Demonstração das Mutações do Patrimônio Líquido;REAL;MIL;ÚLTIMO;2022-01-01;2022-12-31;Reservas de Lucro;5.05.01;Lucro Líquido do Período;0.0;S
09.305.994/0001-29;2022-12-31;1;AZUL S.A.;24112;DF Individual - Demonstração das Mutações do Patrimônio Líquido;REAL;MIL;PENÚLTIMO;2021-01-01;2021-12-31;Lucros ou Prejuízos Acumulados;5.05.01;Lucro Líquido do Período;-4213208.0;S
09.305.994/0001-29;2022-12-31;1;AZUL S.A.;24112;DF Individual - Demonstração das Mutações do Patrimônio Líquido;REAL;MIL;ÚLTIMO;2022-01-01;2022-12-31;Lucros ou Prejuízos Acumulados;5.05.01;Lucro Líquido do Período;0.0;S
09.305.994/0001-29;2022-12-31;1;AZUL S.A.;24112;DF Individual - Demonstração das Mutações do Patrimônio Líquido;REAL;MIL;PENÚLTIMO;2021-01-01;2021-12-31;Outros Resultados Abrangentes;5.05.01;Lucro Líquido do Período;0.0;S
09.305.994/0001-29;2022-12-31;1;AZUL S.A.;24112;DF Individual - Demonstração das Mutações do Patrimônio Líquido;REAL;MIL;ÚLTIMO;2022-01-01;2022-12-31;Outros Resultados Abrangentes;5.05.01;Lucro Líquido do Período;0.0;S
09.305.994/0001-29;2022-12-31;1;AZUL S.A.;24112;DF Individual - Demonstração das Mutações do Patrimônio Líquido;REAL;MIL;PENÚLTIMO;2021-01-01;2021-12-31;Patrimônio Líquido;5.05.01;Lucro Líquido do Período;-4213208.0;S
09.305.994/0001-29;2022-12-31;1;AZUL S.A.;24112;DF Individual - Demonstração das Mutações do Patrimônio Líquido;REAL;MIL;ÚLTIMO;2022-01-01;2022-12-31;Patrimônio Líquido;5.05.01;Lucro Líquido do Período;0.0;S
09.305.994/0001-29;2022-12-31;1;AZUL S.A.;24112;DF Individual - Demonstração das Mutações do Patrimônio Líquido;REAL;MIL;PENÚLTIMO;2021-01-01;2021-12-31;Capital Social Integralizado;5.05.02;Outros Resultados Abrangentes;0.0;S
09.305.994/0001-29;2022-12-31;1;AZUL S.A.;24112;DF Individual - Demonstração das Mutações do Patrimônio Líquido;REAL;MIL;ÚLTIMO;2022-01-01;2022-12-31;Capital Social Integralizado;5.05.02;Outros Resultados Abrangentes;0.0;S
09.305.994/0001-29;2022-12-31;1;AZUL S.A.;24112;DF Individual - Demonstração das Mutações do Patrimônio Líquido;REAL;MIL;PENÚLTIMO;2021-01-01;2021-12-31;Reservas de Capital, Opções Outorgadas e Ações em Tesouraria;5.05.02;Outros Resultados Abrangentes;0.0;S
09.305.994/0001-29;2022-12-31;1;AZUL S.A.;24112;DF Individual - Demonstração das Mutações do Patrimônio Líquido;REAL;MIL;ÚLTIMO;2022-01-01;2022-12-31;Reservas de Capital, Opções Outorgadas e Ações em Tesouraria;5.05.02;Outros Resultados Abrangentes;0.0;S
09.305.994/0001-29;2022-12-31;1;AZUL S.A.;24112;DF Individual - Demonstração das Mutações do Patrimônio Líquido;REAL;MIL;PENÚLTIMO;2021-01-01;2021-12-31;Reservas de Lucro;5.05.02;Outros Resultados Abrangentes;0.0;S
09.305.994/0001-29;2022-12-31;1;AZUL S.A.;24112;DF Individual - Demonstração das Mutações do Patrimônio Líquido;REAL;MIL;ÚLTIMO;2022-01-01;2022-12-31;Reservas de Lucro;5.05.02;Outros Resultados Abrangentes;0.0;S
09.305.994/0001-29;2022-12-31;1;AZUL S.A.;24112;DF Individual - Demonstração das Mutações do Patrimônio Líquido;REAL;MIL;PENÚLTIMO;2021-01-01;2021-12-31;Lucros ou Prejuízos Acumulados;5.05.02;Outros Resultados Abrangentes;0.0;S
09.305.994/0001-29;2022-12-31;1;AZUL S.A.;24112;DF Individual - Demonstração das Mutações do Patrimônio Líquido;REAL;MIL;ÚLTIMO;2022-01-01;2022-12-31;Lucros ou Prejuízos Acumulados;5.05.02;Outros Resultados Abrangentes;0.0;S
09.305.994/0001-29;2022-12-31;1;AZUL S.A.;24112;DF Individual - Demonstração das Mutações do Patrimônio Líquido;REAL;MIL;PENÚLTIMO;2021-01-01;2021-12-31;Outros Resultados Abrangentes;5.05.02;Outros Resultados Abrangentes;5144.0;S
09.305.994/0001-29;2022-12-31;1;AZUL S.A.;24112;DF Individual - Demonstração das Mutações do Patrimônio Líquido;REAL;MIL;ÚLTIMO;2022-01-01;2022-12-31;Outros Resultados Abrangentes;5.05.02;Outros Resultados Abrangentes;0.0;S
09.305.994/0001-29;2022-12-31;1;AZUL S.A.;24112;DF Individual - Demonstração das Mutações do Patrimônio Líquido;REAL;MIL;PENÚLTIMO;2021-01-01;2021-12-31;Patrimônio Líquido;5.05.02;Outros Resultados Abrangentes;5144.0;S
09.305.994/0001-29;2022-12-31;1;AZUL S.A.;24112;DF Individual - Demonstração das Mutações do Patrimônio Líquido;REAL;MIL;ÚLTIMO;2022-01-01;2022-12-31;Patrimônio Líquido;5.05.02;Outros Resultados Abrangentes;0.0;S
09.305.994/0001-29;2022-12-31;1;AZUL S.A.;24112;DF Individual - Demonstração das Mutações do Patrimônio Líquido;REAL;MIL;PENÚLTIMO;2021-01-01;2021-12-31;Capital Social Integralizado;5.05.02.01;Ajustes de Instrumentos Financeiros;0.0;S
09.305.994/0001-29;2022-12-31;1;AZUL S.A.;24112;DF Individual - Demonstração das Mutações do Patrimônio Líquido;REAL;MIL;ÚLTIMO;2022-01-01;2022-12-31;Capital Social Integralizado;5.05.02.01;Ajustes de Instrumentos Financeiros;0.0;S
09.305.994/0001-29;2022-12-31;1;AZUL S.A.;24112;DF Individual - Demonstração das Mutações do Patrimônio Líquido;REAL;MIL;PENÚLTIMO;2021-01-01;2021-12-31;Reservas de Capital, Opções Outorgadas e Ações em Tesouraria;5.05.02.01;Ajustes de Instrumentos Financeiros;0.0;S
09.305.994/0001-29;2022-12-31;1;AZUL S.A.;24112;DF Individual - Demonstração das Mutações do Patrimônio Líquido;REAL;MIL;ÚLTIMO;2022-01-01;2022-12-31;Reservas de Capital, Opções Outorgadas e Ações em Tesouraria;5.05.02.01;Ajustes de Instrumentos Financeiros;0.0;S
09.305.994/0001-29;2022-12-31;1;AZUL S.A.;24112;DF Individual - Demonstração das Mutações do Patrimônio Líquido;REAL;MIL;PENÚLTIMO;2021-01-01;2021-12-31;Reservas de Lucro;5.05.02.01;Ajustes de Instrumentos Financeiros;0.0;S
09.305.994/0001-29;2022-12-31;1;AZUL S.A.;24112;DF Individual - Demonstração das Mutações do Patrimônio Líquido;REAL;MIL;ÚLTIMO;2022-01-01;2022-12-31;Reservas de Lucro;5.05.02.01;Ajustes de Instrumentos Financeiros;0.0;S
09.305.994/0001-29;2022-12-31;1;AZUL S.A.;24112;DF Individual - Demonstração das Mutações do Patrimônio Líquido;REAL;MIL;PENÚLTIMO;2021-01-01;2021-12-31;Lucros ou Prejuízos Acumulados;5.05.02.01;Ajustes de Instrumentos Financeiros;0.0;S
09.305.994/0001-29;2022-12-31;1;AZUL S.A.;24112;DF Individual - Demonstração das Mutações do Patrimônio Líquido;REAL;MIL;ÚLTIMO;2022-01-01;2022-12-31;Lucros ou Prejuízos Acumulados;5.05.02.01;Ajustes de Instrumentos Financeiros;0.0;S
09.305.994/0001-29;2022-12-31;1;AZUL S.A.;24112;DF Individual - Demonstração das Mutações do Patrimônio Líquido;REAL;MIL;PENÚLTIMO;2021-01-01;2021-12-31;Outros Resultados Abrangentes;5.05.02.01;Ajustes de Instrumentos Financeiros;0.0;S
09.305.994/0001-29;2022-12-31;1;AZUL S.A.;24112;DF Individual - Demonstração das Mutações do Patrimônio Líquido;REAL;MIL;ÚLTIMO;2022-01-01;2022-12-31;Outros Resultados Abrangentes;5.05.02.01;Ajustes de Instrumentos Financeiros;0.0;S
09.305.994/0001-29;2022-12-31;1;AZUL S.A.;24112;DF Individual - Demonstração das Mutações do Patrimônio Líquido;REAL;MIL;PENÚLTIMO;2021-01-01;2021-12-31;Patrimônio Líquido;5.05.02.01;Ajustes de Instrumentos Financeiros;0.0;S
09.305.994/0001-29;2022-12-31;1;AZUL S.A.;24112;DF Individual - Demonstração das Mutações do Patrimônio Líquido;REAL;MIL;ÚLTIMO;2022-01-01;2022-12-31;Patrimônio Líquido;5.05.02.01;Ajustes de Instrumentos Financeiros;0.0;S
09.305.994/0001-29;2022-12-31;1;AZUL S.A.;24112;DF Individual - Demonstração das Mutações do Patrimônio Líquido;REAL;MIL;PENÚLTIMO;2021-01-01;2021-12-31;Capital Social Integralizado;5.05.02.02;Tributos s/ Ajustes Instrumentos Financeiros;0.0;S
09.305.994/0001-29;2022-12-31;1;AZUL S.A.;24112;DF Individual - Demonstração das Mutações do Patrimônio Líquido;REAL;MIL;ÚLTIMO;2022-01-01;2022-12-31;Capital Social Integralizado;5.05.02.02;Tributos s/ Ajustes Instrumentos Financeiros;0.0;S
09.305.994/0001-29;2022-12-31;1;AZUL S.A.;24112;DF Individual - Demonstração das Mutações do Patrimônio Líquido;REAL;MIL;PENÚLTIMO;2021-01-01;2021-12-31;Reservas de Capital, Opções Outorgadas e Ações em Tesouraria;5.05.02.02;Tributos s/ Ajustes Instrumentos Financeiros;0.0;S
09.305.994/0001-29;2022-12-31;1;AZUL S.A.;24112;DF Individual - Demonstração das Mutações do Patrimônio Líquido;REAL;MIL;ÚLTIMO;2022-01-01;2022-12-31;Reservas de Capital, Opções Outorgadas e Ações em Tesouraria;5.05.02.02;Tributos s/ Ajustes Instrumentos Financeiros;0.0;S
09.305.994/0001-29;2022-12-31;1;AZUL S.A.;24112;DF Individual - Demonstração das Mutações do Patrimônio Líquido;REAL;MIL;PENÚLTIMO;2021-01-01;2021-12-31;Reservas de Lucro;5.05.02.02;Tributos s/ Ajustes Instrumentos Financeiros;0.0;S
09.305.994/0001-29;2022-12-31;1;AZUL S.A.;24112;DF Individual - Demonstração das Mutações do Patrimônio Líquido;REAL;MIL;ÚLTIMO;2022-01-01;2022-12-31;Reservas de Lucro;5.05.02.02;Tributos s/ Ajustes Instrumentos Financeiros;0.0;S
09.305.994/0001-29;2022-12-31;1;AZUL S.A.;24112;DF Individual - Demonstração das Mutações do Patrimônio Líquido;REAL;MIL;PENÚLTIMO;2021-01-01;2021-12-31;Lucros ou Prejuízos Acumulados;5.05.02.02;Tributos s/ Ajustes Instrumentos Financeiros;0.0;S
09.305.994/0001-29;2022-12-31;1;AZUL S.A.;24112;DF Individual - Demonstração das Mutações do Patrimônio Líquido;REAL;MIL;ÚLTIMO;2022-01-01;2022-12-31;Lucros ou Prejuízos Acumulados;5.05.02.02;Tributos s/ Ajustes Instrumentos Financeiros;0.0;S
09.305.994/0001-29;2022-12-31;1;AZUL S.A.;24112;DF Individual - Demonstração das Mutações do Patrimônio Líquido;REAL;MIL;PENÚLTIMO;2021-01-01;2021-12-31;Outros Resultados Abrangentes;5.05.02.02;Tributos s/ Ajustes Instrumentos Financeiros;0.0;S
09.305.994/0001-29;2022-12-31;1;AZUL S.A.;24112;DF Individual - Demonstração das Mutações do Patrimônio Líquido;REAL;MIL;ÚLTIMO;2022-01-01;2022-12-31;Outros Resultados Abrangentes;5.05.02.02;Tributos s/ Ajustes Instrumentos Financeiros;0.0;S
09.305.994/0001-29;2022-12-31;1;AZUL S.A.;24112;DF Individual - Demonstração das Mutações do Patrimônio Líquido;REAL;MIL;PENÚLTIMO;2021-01-01;2021-12-31;Patrimônio Líquido;5.05.02.02;Tributos s/ Ajustes Instrumentos Financeiros;0.0;S
09.305.994/0001-29;2022-12-31;1;AZUL S.A.;24112;DF Individual - Demonstração das Mutações do Patrimônio Líquido;REAL;MIL;ÚLTIMO;2022-01-01;2022-12-31;Patrimônio Líquido;5.05.02.02;Tributos s/ Ajustes Instrumentos Financeiros;0.0;S
09.305.994/0001-29;2022-12-31;1;AZUL S.A.;24112;DF Individual - Demonstração das Mutações do Patrimônio Líquido;REAL;MIL;PENÚLTIMO;2021-01-01;2021-12-31;Capital Social Integralizado;5.05.02.03;Equiv. Patrim. s/Result. Abrang. Controladas e Coligadas;0.0;S
09.305.994/0001-29;2022-12-31;1;AZUL S.A.;24112;DF Individual - Demonstração das Mutações do Patrimônio Líquido;REAL;MIL;ÚLTIMO;2022-01-01;2022-12-31;Capital Social Integralizado;5.05.02.03;Equiv. Patrim. s/Result. Abrang. Controladas e Coligadas;0.0;S
09.305.994/0001-29;2022-12-31;1;AZUL S.A.;24112;DF Individual - Demonstração das Mutações do Patrimônio Líquido;REAL;MIL;PENÚLTIMO;2021-01-01;2021-12-31;Reservas de Capital, Opções Outorgadas e Ações em Tesouraria;5.05.02.03;Equiv. Patrim. s/Result. Abrang. Controladas e Coligadas;0.0;S
09.305.994/0001-29;2022-12-31;1;AZUL S.A.;24112;DF Individual - Demonstração das Mutações do Patrimônio Líquido;REAL;MIL;ÚLTIMO;2022-01-01;2022-12-31;Reservas de Capital, Opções Outorgadas e Ações em Tesouraria;5.05.02.03;Equiv. Patrim. s/Result. Abrang. Controladas e Coligadas;0.0;S
09.305.994/0001-29;2022-12-31;1;AZUL S.A.;24112;DF Individual - Demonstração das Mutações do Patrimônio Líquido;REAL;MIL;PENÚLTIMO;2021-01-01;2021-12-31;Reservas de Lucro;5.05.02.03;Equiv. Patrim. s/Result. Abrang. Controladas e Coligadas;0.0;S
09.305.994/0001-29;2022-12-31;1;AZUL S.A.;24112;DF Individual - Demonstração das Mutações do Patrimônio Líquido;REAL;MIL;ÚLTIMO;2022-01-01;2022-12-31;Reservas de Lucro;5.05.02.03;Equiv. Patrim. s/Result. Abrang. Controladas e Coligadas;0.0;S
09.305.994/0001-29;2022-12-31;1;AZUL S.A.;24112;DF Individual - Demonstração das Mutações do Patrimônio Líquido;REAL;MIL;PENÚLTIMO;2021-01-01;2021-12-31;Lucros ou Prejuízos Acumulados;5.05.02.03;Equiv. Patrim. s/Result. Abrang. Controladas e Coligadas;0.0;S
09.305.994/0001-29;2022-12-31;1;AZUL S.A.;24112;DF Individual - Demonstração das Mutações do Patrimônio Líquido;REAL;MIL;ÚLTIMO;2022-01-01;2022-12-31;Lucros ou Prejuízos Acumulados;5.05.02.03;Equiv. Patrim. s/Result. Abrang. Controladas e Coligadas;0.0;S
09.305.994/0001-29;2022-12-31;1;AZUL S.A.;24112;DF Individual - Demonstração das Mutações do Patrimônio Líquido;REAL;MIL;PENÚLTIMO;2021-01-01;2021-12-31;Outros Resultados Abrangentes;5.05.02.03;Equiv. Patrim. s/Result. Abrang. Controladas e Coligadas;0.0;S
09.305.994/0001-29;2022-12-31;1;AZUL S.A.;24112;DF Individual - Demonstração das Mutações do Patrimônio Líquido;REAL;MIL;ÚLTIMO;2022-01-01;2022-12-31;Outros Resultados Abrangentes;5.05.02.03;Equiv. Patrim. s/Result. Abrang. Controladas e Coligadas;0.0;S
09.305.994/0001-29;2022-12-31;1;AZUL S.A.;24112;DF Individual - Demonstração das Mutações do Patrimônio Líquido;REAL;MIL;PENÚLTIMO;2021-01-01;2021-12-31;Patrimônio Líquido;5.05.02.03;Equiv. Patrim. s/Result. Abrang. Controladas e Coligadas;0.0;S
09.305.994/0001-29;2022-12-31;1;AZUL S.A.;24112;DF Individual - Demonstração das Mutações do Patrimônio Líquido;REAL;MIL;ÚLTIMO;2022-01-01;2022-12-31;Patrimônio Líquido;5.05.02.03;Equiv. Patrim. s/Result. Abrang. Controladas e Coligadas;0.0;S
09.305.994/0001-29;2022-12-31;1;AZUL S.A.;24112;DF Individual - Demonstração das Mutações do Patrimônio Líquido;REAL;MIL;PENÚLTIMO;2021-01-01;2021-12-31;Capital Social Integralizado;5.05.02.04;Ajustes de Conversão do Período;0.0;S
09.305.994/0001-29;2022-12-31;1;AZUL S.A.;24112;DF Individual - Demonstração das Mutações do Patrimônio Líquido;REAL;MIL;ÚLTIMO;2022-01-01;2022-12-31;Capital Social Integralizado;5.05.02.04;Ajustes de Conversão do Período;0.0;S
09.305.994/0001-29;2022-12-31;1;AZUL S.A.;24112;DF Individual - Demonstração das Mutações do Patrimônio Líquido;REAL;MIL;PENÚLTIMO;2021-01-01;2021-12-31;Reservas de Capital, Opções Outorgadas e Ações em Tesouraria;5.05.02.04;Ajustes de Conversão do Período;0.0;S
09.305.994/0001-29;2022-12-31;1;AZUL S.A.;24112;DF Individual - Demonstração das Mutações do Patrimônio Líquido;REAL;MIL;ÚLTIMO;2022-01-01;2022-12-31;Reservas de Capital, Opções Outorgadas e Ações em Tesouraria;5.05.02.04;Ajustes de Conversão do Período;0.0;S
09.305.994/0001-29;2022-12-31;1;AZUL S.A.;24112;DF Individual - Demonstração das Mutações do Patrimônio Líquido;REAL;MIL;PENÚLTIMO;2021-01-01;2021-12-31;Reservas de Lucro;5.05.02.04;Ajustes de Conversão do Período;0.0;S
09.305.994/0001-29;2022-12-31;1;AZUL S.A.;24112;DF Individual - Demonstração das Mutações do Patrimônio Líquido;REAL;MIL;ÚLTIMO;2022-01-01;2022-12-31;Reservas de Lucro;5.05.02.04;Ajustes de Conversão do Período;0.0;S
09.305.994/0001-29;2022-12-31;1;AZUL S.A.;24112;DF Individual - Demonstração das Mutações do Patrimônio Líquido;REAL;MIL;PENÚLTIMO;2021-01-01;2021-12-31;Lucros ou Prejuízos Acumulados;5.05.02.04;Ajustes de Conversão do Período;0.0;S
09.305.994/0001-29;2022-12-31;1;AZUL S.A.;24112;DF Individual - Demonstração das Mutações do Patrimônio Líquido;REAL;MIL;ÚLTIMO;2022-01-01;2022-12-31;Lucros ou Prejuízos Acumulados;5.05.02.04;Ajustes de Conversão do Período;0.0;S
09.305.994/0001-29;2022-12-31;1;AZUL S.A.;24112;DF Individual - Demonstração das Mutações do Patrimônio Líquido;REAL;MIL;PENÚLTIMO;2021-01-01;2021-12-31;Outros Resultados Abrangentes;5.05.02.04;Ajustes de Conversão do Período;0.0;S
09.305.994/0001-29;2022-12-31;1;AZUL S.A.;24112;DF Individual - Demonstração das Mutações do Patrimônio Líquido;REAL;MIL;ÚLTIMO;2022-01-01;2022-12-31;Outros Resultados Abrangentes;5.05.02.04;Ajustes de Conversão do Período;0.0;S
09.305.994/0001-29;2022-12-31;1;AZUL S.A.;24112;DF Individual - Demonstração das Mutações do Patrimônio Líquido;REAL;MIL;PENÚLTIMO;2021-01-01;2021-12-31;Patrimônio Líquido;5.05.02.04;Ajustes de Conversão do Período;0.0;S
09.305.994/0001-29;2022-12-31;1;AZUL S.A.;24112;DF Individual - Demonstração das Mutações do Patrimônio Líquido;REAL;MIL;ÚLTIMO;2022-01-01;2022-12-31;Patrimônio Líquido;5.05.02.04;Ajustes de Conversão do Período;0.0;S
09.305.994/0001-29;2022-12-31;1;AZUL S.A.;24112;DF Individual - Demonstração das Mutações do Patrimônio Líquido;REAL;MIL;PENÚLTIMO;2021-01-01;2021-12-31;Capital Social Integralizado;5.05.02.05;Tributos s/ Ajustes de Conversão do Período;0.0;S
09.305.994/0001-29;2022-12-31;1;AZUL S.A.;24112;DF Individual - Demonstração das Mutações do Patrimônio Líquido;REAL;MIL;ÚLTIMO;2022-01-01;2022-12-31;Capital Social Integralizado;5.05.02.05;Tributos s/ Ajustes de Conversão do Período;0.0;S
09.305.994/0001-29;2022-12-31;1;AZUL S.A.;24112;DF Individual - Demonstração das Mutações do Patrimônio Líquido;REAL;MIL;PENÚLTIMO;2021-01-01;2021-12-31;Reservas de Capital, Opções Outorgadas e Ações em Tesouraria;5.05.02.05;Tributos s/ Ajustes de Conversão do Período;0.0;S
09.305.994/0001-29;2022-12-31;1;AZUL S.A.;24112;DF Individual - Demonstração das Mutações do Patrimônio Líquido;REAL;MIL;ÚLTIMO;2022-01-01;2022-12-31;Reservas de Capital, Opções Outorgadas e Ações em Tesouraria;5.05.02.05;Tributos s/ Ajustes de Conversão do Período;0.0;S
09.305.994/0001-29;2022-12-31;1;AZUL S.A.;24112;DF Individual - Demonstração das Mutações do Patrimônio Líquido;REAL;MIL;PENÚLTIMO;2021-01-01;2021-12-31;Reservas de Lucro;5.05.02.05;Tributos s/ Ajustes de Conversão do Período;0.0;S
09.305.994/0001-29;2022-12-31;1;AZUL S.A.;24112;DF Individual - Demonstração das Mutações do Patrimônio Líquido;REAL;MIL;ÚLTIMO;2022-01-01;2022-12-31;Reservas de Lucro;5.05.02.05;Tributos s/ Ajustes de Conversão do Período;0.0;S
09.305.994/0001-29;2022-12-31;1;AZUL S.A.;24112;DF Individual - Demonstração das Mutações do Patrimônio Líquido;REAL;MIL;PENÚLTIMO;2021-01-01;2021-12-31;Lucros ou Prejuízos Acumulados;5.05.02.05;Tributos s/ Ajustes de Conversão do Período;0.0;S
09.305.994/0001-29;2022-12-31;1;AZUL S.A.;24112;DF Individual - Demonstração das Mutações do Patrimônio Líquido;REAL;MIL;ÚLTIMO;2022-01-01;2022-12-31;Lucros ou Prejuízos Acumulados;5.05.02.05;Tributos s/ Ajustes de Conversão do Período;0.0;S
09.305.994/0001-29;2022-12-31;1;AZUL S.A.;24112;DF Individual - Demonstração das Mutações do Patrimônio Líquido;REAL;MIL;PENÚLTIMO;2021-01-01;2021-12-31;Outros Resultados Abrangentes;5.05.02.05;Tributos s/ Ajustes de Conversão do Período;0.0;S
09.305.994/0001-29;2022-12-31;1;AZUL S.A.;24112;DF Individual - Demonstração das Mutações do Patrimônio Líquido;REAL;MIL;ÚLTIMO;2022-01-01;2022-12-31;Outros Resultados Abrangentes;5.05.02.05;Tributos s/ Ajustes de Conversão do Período;0.0;S
09.305.994/0001-29;2022-12-31;1;AZUL S.A.;24112;DF Individual - Demonstração das Mutações do Patrimônio Líquido;REAL;MIL;PENÚLTIMO;2021-01-01;2021-12-31;Patrimônio Líquido;5.05.02.05;Tributos s/ Ajustes de Conversão do Período;0.0;S
09.305.994/0001-29;2022-12-31;1;AZUL S.A.;24112;DF Individual - Demonstração das Mutações do Patrimônio Líquido;REAL;MIL;ÚLTIMO;2022-01-01;2022-12-31;Patrimônio Líquido;5.05.02.05;Tributos s/ Ajustes de Conversão do Período;0.0;S
09.305.994/0001-29;2022-12-31;1;AZUL S.A.;24112;DF Individual - Demonstração das Mutações do Patrimônio Líquido;REAL;MIL;PENÚLTIMO;2021-01-01;2021-12-31;Capital Social Integralizado;5.05.02.06;Benefício pós-emprego;0.0;N
09.305.994/0001-29;2022-12-31;1;AZUL S.A.;24112;DF Individual - Demonstração das Mutações do Patrimônio Líquido;REAL;MIL;PENÚLTIMO;2021-01-01;2021-12-31;Reservas de Capital, Opções Outorgadas e Ações em Tesouraria;5.05.02.06;Benefício pós-emprego;0.0;N
09.305.994/0001-29;2022-12-31;1;AZUL S.A.;24112;DF Individual - Demonstração das Mutações do Patrimônio Líquido;REAL;MIL;PENÚLTIMO;2021-01-01;2021-12-31;Reservas de Lucro;5.05.02.06;Benefício pós-emprego;0.0;N
09.305.994/0001-29;2022-12-31;1;AZUL S.A.;24112;DF Individual - Demonstração das Mutações do Patrimônio Líquido;REAL;MIL;PENÚLTIMO;2021-01-01;2021-12-31;Lucros ou Prejuízos Acumulados;5.05.02.06;Benefício pós-emprego;0.0;N
09.305.994/0001-29;2022-12-31;1;AZUL S.A.;24112;DF Individual - Demonstração das Mutações do Patrimônio Líquido;REAL;MIL;PENÚLTIMO;2021-01-01;2021-12-31;Outros Resultados Abrangentes;5.05.02.06;Benefício pós-emprego;5144.0;N
09.305.994/0001-29;2022-12-31;1;AZUL S.A.;24112;DF Individual - Demonstração das Mutações do Patrimônio Líquido;REAL;MIL;PENÚLTIMO;2021-01-01;2021-12-31;Patrimônio Líquido;5.05.02.06;Benefício pós-emprego;5144.0;N
09.305.994/0001-29;2022-12-31;1;AZUL S.A.;24112;DF Individual - Demonstração das Mutações do Patrimônio Líquido;REAL;MIL;PENÚLTIMO;2021-01-01;2021-12-31;Capital Social Integralizado;5.05.03;Reclassificações para o Resultado;0.0;S
09.305.994/0001-29;2022-12-31;1;AZUL S.A.;24112;DF Individual - Demonstração das Mutações do Patrimônio Líquido;REAL;MIL;ÚLTIMO;2022-01-01;2022-12-31;Capital Social Integralizado;5.05.03;Reclassificações para o Resultado;0.0;S
09.305.994/0001-29;2022-12-31;1;AZUL S.A.;24112;DF Individual - Demonstração das Mutações do Patrimônio Líquido;REAL;MIL;PENÚLTIMO;2021-01-01;2021-12-31;Reservas de Capital, Opções Outorgadas e Ações em Tesouraria;5.05.03;Reclassificações para o Resultado;0.0;S
09.305.994/0001-29;2022-12-31;1;AZUL S.A.;24112;DF Individual - Demonstração das Mutações do Patrimônio Líquido;REAL;MIL;ÚLTIMO;2022-01-01;2022-12-31;Reservas de Capital, Opções Outorgadas e Ações em Tesouraria;5.05.03;Reclassificações para o Resultado;0.0;S
09.305.994/0001-29;2022-12-31;1;AZUL S.A.;24112;DF Individual - Demonstração das Mutações do Patrimônio Líquido;REAL;MIL;PENÚLTIMO;2021-01-01;2021-12-31;Reservas de Lucro;5.05.03;Reclassificações para o Resultado;0.0;S
09.305.994/0001-29;2022-12-31;1;AZUL S.A.;24112;DF Individual - Demonstração das Mutações do Patrimônio Líquido;REAL;MIL;ÚLTIMO;2022-01-01;2022-12-31;Reservas de Lucro;5.05.03;Reclassificações para o Resultado;0.0;S
09.305.994/0001-29;2022-12-31;1;AZUL S.A.;24112;DF Individual - Demonstração das Mutações do Patrimônio Líquido;REAL;MIL;PENÚLTIMO;2021-01-01;2021-12-31;Lucros ou Prejuízos Acumulados;5.05.03;Reclassificações para o Resultado;0.0;S
09.305.994/0001-29;2022-12-31;1;AZUL S.A.;24112;DF Individual - Demonstração das Mutações do Patrimônio Líquido;REAL;MIL;ÚLTIMO;2022-01-01;2022-12-31;Lucros ou Prejuízos Acumulados;5.05.03;Reclassificações para o Resultado;0.0;S
09.305.994/0001-29;2022-12-31;1;AZUL S.A.;24112;DF Individual - Demonstração das Mutações do Patrimônio Líquido;REAL;MIL;PENÚLTIMO;2021-01-01;2021-12-31;Outros Resultados Abrangentes;5.05.03;Reclassificações para o Resultado;0.0;S
09.305.994/0001-29;2022-12-31;1;AZUL S.A.;24112;DF Individual - Demonstração das Mutações do Patrimônio Líquido;REAL;MIL;ÚLTIMO;2022-01-01;2022-12-31;Outros Resultados Abrangentes;5.05.03;Reclassificações para o Resultado;0.0;S
09.305.994/0001-29;2022-12-31;1;AZUL S.A.;24112;DF Individual - Demonstração das Mutações do Patrimônio Líquido;REAL;MIL;PENÚLTIMO;2021-01-01;2021-12-31;Patrimônio Líquido;5.05.03;Reclassificações para o Resultado;0.0;S
09.305.994/0001-29;2022-12-31;1;AZUL S.A.;24112;DF Individual - Demonstração das Mutações do Patrimônio Líquido;REAL;MIL;ÚLTIMO;2022-01-01;2022-12-31;Patrimônio Líquido;5.05.03;Reclassificações para o Resultado;0.0;S
09.305.994/0001-29;2022-12-31;1;AZUL S.A.;24112;DF Individual - Demonstração das Mutações do Patrimônio Líquido;REAL;MIL;PENÚLTIMO;2021-01-01;2021-12-31;Capital Social Integralizado;5.05.03.01;Ajustes de Instrumentos Financeiros;0.0;S
09.305.994/0001-29;2022-12-31;1;AZUL S.A.;24112;DF Individual - Demonstração das Mutações do Patrimônio Líquido;REAL;MIL;ÚLTIMO;2022-01-01;2022-12-31;Capital Social Integralizado;5.05.03.01;Ajustes de Instrumentos Financeiros;0.0;S
09.305.994/0001-29;2022-12-31;1;AZUL S.A.;24112;DF Individual - Demonstração das Mutações do Patrimônio Líquido;REAL;MIL;PENÚLTIMO;2021-01-01;2021-12-31;Reservas de Capital, Opções Outorgadas e Ações em Tesouraria;5.05.03.01;Ajustes de Instrumentos Financeiros;0.0;S
09.305.994/0001-29;2022-12-31;1;AZUL S.A.;24112;DF Individual - Demonstração das Mutações do Patrimônio Líquido;REAL;MIL;ÚLTIMO;2022-01-01;2022-12-31;Reservas de Capital, Opções Outorgadas e Ações em Tesouraria;5.05.03.01;Ajustes de Instrumentos Financeiros;0.0;S
09.305.994/0001-29;2022-12-31;1;AZUL S.A.;24112;DF Individual - Demonstração das Mutações do Patrimônio Líquido;REAL;MIL;PENÚLTIMO;2021-01-01;2021-12-31;Reservas de Lucro;5.05.03.01;Ajustes de Instrumentos Financeiros;0.0;S
09.305.994/0001-29;2022-12-31;1;AZUL S.A.;24112;DF Individual - Demonstração das Mutações do Patrimônio Líquido;REAL;MIL;ÚLTIMO;2022-01-01;2022-12-31;Reservas de Lucro;5.05.03.01;Ajustes de Instrumentos Financeiros;0.0;S
09.305.994/0001-29;2022-12-31;1;AZUL S.A.;24112;DF Individual - Demonstração das Mutações do Patrimônio Líquido;REAL;MIL;PENÚLTIMO;2021-01-01;2021-12-31;Lucros ou Prejuízos Acumulados;5.05.03.01;Ajustes de Instrumentos Financeiros;0.0;S
09.305.994/0001-29;2022-12-31;1;AZUL S.A.;24112;DF Individual - Demonstração das Mutações do Patrimônio Líquido;REAL;MIL;ÚLTIMO;2022-01-01;2022-12-31;Lucros ou Prejuízos Acumulados;5.05.03.01;Ajustes de Instrumentos Financeiros;0.0;S
09.305.994/0001-29;2022-12-31;1;AZUL S.A.;24112;DF Individual - Demonstração das Mutações do Patrimônio Líquido;REAL;MIL;PENÚLTIMO;2021-01-01;2021-12-31;Outros Resultados Abrangentes;5.05.03.01;Ajustes de Instrumentos Financeiros;0.0;S
09.305.994/0001-29;2022-12-31;1;AZUL S.A.;24112;DF Individual - Demonstração das Mutações do Patrimônio Líquido;REAL;MIL;ÚLTIMO;2022-01-01;2022-12-31;Outros Resultados Abrangentes;5.05.03.01;Ajustes de Instrumentos Financeiros;0.0;S
09.305.994/0001-29;2022-12-31;1;AZUL S.A.;24112;DF Individual - Demonstração das Mutações do Patrimônio Líquido;REAL;MIL;PENÚLTIMO;2021-01-01;2021-12-31;Patrimônio Líquido;5.05.03.01;Ajustes de Instrumentos Financeiros;0.0;S
09.305.994/0001-29;2022-12-31;1;AZUL S.A.;24112;DF Individual - Demonstração das Mutações do Patrimônio Líquido;REAL;MIL;ÚLTIMO;2022-01-01;2022-12-31;Patrimônio Líquido;5.05.03.01;Ajustes de Instrumentos Financeiros;0.0;S
09.305.994/0001-29;2022-12-31;1;AZUL S.A.;24112;DF Individual - Demonstração das Mutações do Patrimônio Líquido;REAL;MIL;PENÚLTIMO;2021-01-01;2021-12-31;Capital Social Integralizado;5.06;Mutações Internas do Patrimônio Líquido;0.0;S
09.305.994/0001-29;2022-12-31;1;AZUL S.A.;24112;DF Individual - Demonstração das Mutações do Patrimônio Líquido;REAL;MIL;ÚLTIMO;2022-01-01;2022-12-31;Capital Social Integralizado;5.06;Mutações Internas do Patrimônio Líquido;0.0;S
09.305.994/0001-29;2022-12-31;1;AZUL S.A.;24112;DF Individual - Demonstração das Mutações do Patrimônio Líquido;REAL;MIL;PENÚLTIMO;2021-01-01;2021-12-31;Reservas de Capital, Opções Outorgadas e Ações em Tesouraria;5.06;Mutações Internas do Patrimônio Líquido;0.0;S
09.305.994/0001-29;2022-12-31;1;AZUL S.A.;24112;DF Individual - Demonstração das Mutações do Patrimônio Líquido;REAL;MIL;ÚLTIMO;2022-01-01;2022-12-31;Reservas de Capital, Opções Outorgadas e Ações em Tesouraria;5.06;Mutações Internas do Patrimônio Líquido;0.0;S
09.305.994/0001-29;2022-12-31;1;AZUL S.A.;24112;DF Individual - Demonstração das Mutações do Patrimônio Líquido;REAL;MIL;PENÚLTIMO;2021-01-01;2021-12-31;Reservas de Lucro;5.06;Mutações Internas do Patrimônio Líquido;0.0;S
09.305.994/0001-29;2022-12-31;1;AZUL S.A.;24112;DF Individual - Demonstração das Mutações do Patrimônio Líquido;REAL;MIL;ÚLTIMO;2022-01-01;2022-12-31;Reservas de Lucro;5.06;Mutações Internas do Patrimônio Líquido;0.0;S
09.305.994/0001-29;2022-12-31;1;AZUL S.A.;24112;DF Individual - Demonstração das Mutações do Patrimônio Líquido;REAL;MIL;PENÚLTIMO;2021-01-01;2021-12-31;Lucros ou Prejuízos Acumulados;5.06;Mutações Internas do Patrimônio Líquido;0.0;S
09.305.994/0001-29;2022-12-31;1;AZUL S.A.;24112;DF Individual - Demonstração das Mutações do Patrimônio Líquido;REAL;MIL;ÚLTIMO;2022-01-01;2022-12-31;Lucros ou Prejuízos Acumulados;5.06;Mutações Internas do Patrimônio Líquido;0.0;S
09.305.994/0001-29;2022-12-31;1;AZUL S.A.;24112;DF Individual - Demonstração das Mutações do Patrimônio Líquido;REAL;MIL;PENÚLTIMO;2021-01-01;2021-12-31;Outros Resultados Abrangentes;5.06;Mutações Internas do Patrimônio Líquido;0.0;S
09.305.994/0001-29;2022-12-31;1;AZUL S.A.;24112;DF Individual - Demonstração das Mutações do Patrimônio Líquido;REAL;MIL;ÚLTIMO;2022-01-01;2022-12-31;Outros Resultados Abrangentes;5.06;Mutações Internas do Patrimônio Líquido;0.0;S
09.305.994/0001-29;2022-12-31;1;AZUL S.A.;24112;DF Individual - Demonstração das Mutações do Patrimônio Líquido;REAL;MIL;PENÚLTIMO;2021-01-01;2021-12-31;Patrimônio Líquido;5.06;Mutações Internas do Patrimônio Líquido;0.0;S
09.305.994/0001-29;2022-12-31;1;AZUL S.A.;24112;DF Individual - Demonstração das Mutações do Patrimônio Líquido;REAL;MIL;ÚLTIMO;2022-01-01;2022-12-31;Patrimônio Líquido;5.06;Mutações Internas do Patrimônio Líquido;0.0;S
09.305.994/0001-29;2022-12-31;1;AZUL S.A.;24112;DF Individual - Demonstração das Mutações do Patrimônio Líquido;REAL;MIL;PENÚLTIMO;2021-01-01;2021-12-31;Capital Social Integralizado;5.06.01;Constituição de Reservas;0.0;S
09.305.994/0001-29;2022-12-31;1;AZUL S.A.;24112;DF Individual - Demonstração das Mutações do Patrimônio Líquido;REAL;MIL;ÚLTIMO;2022-01-01;2022-12-31;Capital Social Integralizado;5.06.01;Constituição de Reservas;0.0;S
09.305.994/0001-29;2022-12-31;1;AZUL S.A.;24112;DF Individual - Demonstração das Mutações do Patrimônio Líquido;REAL;MIL;PENÚLTIMO;2021-01-01;2021-12-31;Reservas de Capital, Opções Outorgadas e Ações em Tesouraria;5.06.01;Constituição de Reservas;0.0;S
09.305.994/0001-29;2022-12-31;1;AZUL S.A.;24112;DF Individual - Demonstração das Mutações do Patrimônio Líquido;REAL;MIL;ÚLTIMO;2022-01-01;2022-12-31;Reservas de Capital, Opções Outorgadas e Ações em Tesouraria;5.06.01;Constituição de Reservas;0.0;S
09.305.994/0001-29;2022-12-31;1;AZUL S.A.;24112;DF Individual - Demonstração das Mutações do Patrimônio Líquido;REAL;MIL;PENÚLTIMO;2021-01-01;2021-12-31;Reservas de Lucro;5.06.01;Constituição de Reservas;0.0;S
09.305.994/0001-29;2022-12-31;1;AZUL S.A.;24112;DF Individual - Demonstração das Mutações do Patrimônio Líquido;REAL;MIL;ÚLTIMO;2022-01-01;2022-12-31;Reservas de Lucro;5.06.01;Constituição de Reservas;0.0;S
09.305.994/0001-29;2022-12-31;1;AZUL S.A.;24112;DF Individual - Demonstração das Mutações do Patrimônio Líquido;REAL;MIL;PENÚLTIMO;2021-01-01;2021-12-31;Lucros ou Prejuízos Acumulados;5.06.01;Constituição de Reservas;0.0;S
09.305.994/0001-29;2022-12-31;1;AZUL S.A.;24112;DF Individual - Demonstração das Mutações do Patrimônio Líquido;REAL;MIL;ÚLTIMO;2022-01-01;2022-12-31;Lucros ou Prejuízos Acumulados;5.06.01;Constituição de Reservas;0.0;S
09.305.994/0001-29;2022-12-31;1;AZUL S.A.;24112;DF Individual - Demonstração das Mutações do Patrimônio Líquido;REAL;MIL;PENÚLTIMO;2021-01-01;2021-12-31;Outros Resultados Abrangentes;5.06.01;Constituição de Reservas;0.0;S
09.305.994/0001-29;2022-12-31;1;AZUL S.A.;24112;DF Individual - Demonstração das Mutações do Patrimônio Líquido;REAL;MIL;ÚLTIMO;2022-01-01;2022-12-31;Outros Resultados Abrangentes;5.06.01;Constituição de Reservas;0.0;S
09.305.994/0001-29;2022-12-31;1;AZUL S.A.;24112;DF Individual - Demonstração das Mutações do Patrimônio Líquido;REAL;MIL;PENÚLTIMO;2021-01-01;2021-12-31;Patrimônio Líquido;5.06.01;Constituição de Reservas;0.0;S
09.305.994/0001-29;2022-12-31;1;AZUL S.A.;24112;DF Individual - Demonstração das Mutações do Patrimônio Líquido;REAL;MIL;ÚLTIMO;2022-01-01;2022-12-31;Patrimônio Líquido;5.06.01;Constituição de Reservas;0.0;S
09.305.994/0001-29;2022-12-31;1;AZUL S.A.;24112;DF Individual - Demonstração das Mutações do Patrimônio Líquido;REAL;MIL;PENÚLTIMO;2021-01-01;2021-12-31;Capital Social Integralizado;5.06.02;Realização da Reserva Reavaliação;0.0;S
09.305.994/0001-29;2022-12-31;1;AZUL S.A.;24112;DF Individual - Demonstração das Mutações do Patrimônio Líquido;REAL;MIL;ÚLTIMO;2022-01-01;2022-12-31;Capital Social Integralizado;5.06.02;Realização da Reserva Reavaliação;0.0;S
09.305.994/0001-29;2022-12-31;1;AZUL S.A.;24112;DF Individual - Demonstração das Mutações do Patrimônio Líquido;REAL;MIL;PENÚLTIMO;2021-01-01;2021-12-31;Reservas de Capital, Opções Outorgadas e Ações em Tesouraria;5.06.02;Realização da Reserva Reavaliação;0.0;S
09.305.994/0001-29;2022-12-31;1;AZUL S.A.;24112;DF Individual - Demonstração das Mutações do Patrimônio Líquido;REAL;MIL;ÚLTIMO;2022-01-01;2022-12-31;Reservas de Capital, Opções Outorgadas e Ações em Tesouraria;5.06.02;Realização da Reserva Reavaliação;0.0;S
09.305.994/0001-29;2022-12-31;1;AZUL S.A.;24112;DF Individual - Demonstração das Mutações do Patrimônio Líquido;REAL;MIL;PENÚLTIMO;2021-01-01;2021-12-31;Reservas de Lucro;5.06.02;Realização da Reserva Reavaliação;0.0;S
09.305.994/0001-29;2022-12-31;1;AZUL S.A.;24112;DF Individual - Demonstração das Mutações do Patrimônio Líquido;REAL;MIL;ÚLTIMO;2022-01-01;2022-12-31;Reservas de Lucro;5.06.02;Realização da Reserva Reavaliação;0.0;S
09.305.994/0001-29;2022-12-31;1;AZUL S.A.;24112;DF Individual - Demonstração das Mutações do Patrimônio Líquido;REAL;MIL;PENÚLTIMO;2021-01-01;2021-12-31;Lucros ou Prejuízos Acumulados;5.06.02;Realização da Reserva Reavaliação;0.0;S
09.305.994/0001-29;2022-12-31;1;AZUL S.A.;24112;DF Individual - Demonstração das Mutações do Patrimônio Líquido;REAL;MIL;ÚLTIMO;2022-01-01;2022-12-31;Lucros ou Prejuízos Acumulados;5.06.02;Realização da Reserva Reavaliação;0.0;S
09.305.994/0001-29;2022-12-31;1;AZUL S.A.;24112;DF Individual - Demonstração das Mutações do Patrimônio Líquido;REAL;MIL;PENÚLTIMO;2021-01-01;2021-12-31;Outros Resultados Abrangentes;5.06.02;Realização da Reserva Reavaliação;0.0;S
09.305.994/0001-29;2022-12-31;1;AZUL S.A.;24112;DF Individual - Demonstração das Mutações do Patrimônio Líquido;REAL;MIL;ÚLTIMO;2022-01-01;2022-12-31;Outros Resultados Abrangentes;5.06.02;Realização da Reserva Reavaliação;0.0;S
09.305.994/0001-29;2022-12-31;1;AZUL S.A.;24112;DF Individual - Demonstração das Mutações do Patrimônio Líquido;REAL;MIL;PENÚLTIMO;2021-01-01;2021-12-31;Patrimônio Líquido;5.06.02;Realização da Reserva Reavaliação;0.0;S
09.305.994/0001-29;2022-12-31;1;AZUL S.A.;24112;DF Individual - Demonstração das Mutações do Patrimônio Líquido;REAL;MIL;ÚLTIMO;2022-01-01;2022-12-31;Patrimônio Líquido;5.06.02;Realização da Reserva Reavaliação;0.0;S
09.305.994/0001-29;2022-12-31;1;AZUL S.A.;24112;DF Individual - Demonstração das Mutações do Patrimônio Líquido;REAL;MIL;PENÚLTIMO;2021-01-01;2021-12-31;Capital Social Integralizado;5.06.03;Tributos sobre a Realização da Reserva de Reavaliação;0.0;S
09.305.994/0001-29;2022-12-31;1;AZUL S.A.;24112;DF Individual - Demonstração das Mutações do Patrimônio Líquido;REAL;MIL;ÚLTIMO;2022-01-01;2022-12-31;Capital Social Integralizado;5.06.03;Tributos sobre a Realização da Reserva de Reavaliação;0.0;S
09.305.994/0001-29;2022-12-31;1;AZUL S.A.;24112;DF Individual - Demonstração das Mutações do Patrimônio Líquido;REAL;MIL;PENÚLTIMO;2021-01-01;2021-12-31;Reservas de Capital, Opções Outorgadas e Ações em Tesouraria;5.06.03;Tributos sobre a Realização da Reserva de Reavaliação;0.0;S
09.305.994/0001-29;2022-12-31;1;AZUL S.A.;24112;DF Individual - Demonstração das Mutações do Patrimônio Líquido;REAL;MIL;ÚLTIMO;2022-01-01;2022-12-31;Reservas de Capital, Opções Outorgadas e Ações em Tesouraria;5.06.03;Tributos sobre a Realização da Reserva de Reavaliação;0.0;S
09.305.994/0001-29;2022-12-31;1;AZUL S.A.;24112;DF Individual - Demonstração das Mutações do Patrimônio Líquido;REAL;MIL;PENÚLTIMO;2021-01-01;2021-12-31;Reservas de Lucro;5.06.03;Tributos sobre a Realização da Reserva de Reavaliação;0.0;S
09.305.994/0001-29;2022-12-31;1;AZUL S.A.;24112;DF Individual - Demonstração das Mutações do Patrimônio Líquido;REAL;MIL;ÚLTIMO;2022-01-01;2022-12-31;Reservas de Lucro;5.06.03;Tributos sobre a Realização da Reserva de Reavaliação;0.0;S
09.305.994/0001-29;2022-12-31;1;AZUL S.A.;24112;DF Individual - Demonstração das Mutações do Patrimônio Líquido;REAL;MIL;PENÚLTIMO;2021-01-01;2021-12-31;Lucros ou Prejuízos Acumulados;5.06.03;Tributos sobre a Realização da Reserva de Reavaliação;0.0;S
09.305.994/0001-29;2022-12-31;1;AZUL S.A.;24112;DF Individual - Demonstração das Mutações do Patrimônio Líquido;REAL;MIL;ÚLTIMO;2022-01-01;2022-12-31;Lucros ou Prejuízos Acumulados;5.06.03;Tributos sobre a Realização da Reserva de Reavaliação;0.0;S
09.305.994/0001-29;2022-12-31;1;AZUL S.A.;24112;DF Individual - Demonstração das Mutações do Patrimônio Líquido;REAL;MIL;PENÚLTIMO;2021-01-01;2021-12-31;Outros Resultados Abrangentes;5.06.03;Tributos sobre a Realização da Reserva de Reavaliação;0.0;S
09.305.994/0001-29;2022-12-31;1;AZUL S.A.;24112;DF Individual - Demonstração das Mutações do Patrimônio Líquido;REAL;MIL;ÚLTIMO;2022-01-01;2022-12-31;Outros Resultados Abrangentes;5.06.03;Tributos sobre a Realização da Reserva de Reavaliação;0.0;S
09.305.994/0001-29;2022-12-31;1;AZUL S.A.;24112;DF Individual - Demonstração das Mutações do Patrimônio Líquido;REAL;MIL;PENÚLTIMO;2021-01-01;2021-12-31;Patrimônio Líquido;5.06.03;Tributos sobre a Realização da Reserva de Reavaliação;0.0;S
09.305.994/0001-29;2022-12-31;1;AZUL S.A.;24112;DF Individual - Demonstração das Mutações do Patrimônio Líquido;REAL;MIL;ÚLTIMO;2022-01-01;2022-12-31;Patrimônio Líquido;5.06.03;Tributos sobre a Realização da Reserva de Reavaliação;0.0;S
09.305.994/0001-29;2022-12-31;1;AZUL S.A.;24112;DF Individual - Demonstração das Mutações do Patrimônio Líquido;REAL;MIL;PENÚLTIMO;2021-01-01;2021-12-31;Capital Social Integralizado;5.07;Saldos Finais;2290996.0;S
09.305.994/0001-29;2022-12-31;1;AZUL S.A.;24112;DF Individual - Demonstração das Mutações do Patrimônio Líquido;REAL;MIL;ÚLTIMO;2022-01-01;2022-12-31;Capital Social Integralizado;5.07;Saldos Finais;2314002.0;S
09.305.994/0001-29;2022-12-31;1;AZUL S.A.;24112;DF Individual - Demonstração das Mutações do Patrimônio Líquido;REAL;MIL;PENÚLTIMO;2021-01-01;2021-12-31;Reservas de Capital, Opções Outorgadas e Ações em Tesouraria;5.07;Saldos Finais;1934512.0;S
09.305.994/0001-29;2022-12-31;1;AZUL S.A.;24112;DF Individual - Demonstração das Mutações do Patrimônio Líquido;REAL;MIL;ÚLTIMO;2022-01-01;2022-12-31;Reservas de Capital, Opções Outorgadas e Ações em Tesouraria;5.07;Saldos Finais;1959894.0;S
09.305.994/0001-29;2022-12-31;1;AZUL S.A.;24112;DF Individual - Demonstração das Mutações do Patrimônio Líquido;REAL;MIL;PENÚLTIMO;2021-01-01;2021-12-31;Reservas de Lucro;5.07;Saldos Finais;0.0;S
09.305.994/0001-29;2022-12-31;1;AZUL S.A.;24112;DF Individual - Demonstração das Mutações do Patrimônio Líquido;REAL;MIL;ÚLTIMO;2022-01-01;2022-12-31;Reservas de Lucro;5.07;Saldos Finais;0.0;S
09.305.994/0001-29;2022-12-31;1;AZUL S.A.;24112;DF Individual - Demonstração das Mutações do Patrimônio Líquido;REAL;MIL;PENÚLTIMO;2021-01-01;2021-12-31;Lucros ou Prejuízos Acumulados;5.07;Saldos Finais;-22564310.0;S
09.305.994/0001-29;2022-12-31;1;AZUL S.A.;24112;DF Individual - Demonstração das Mutações do Patrimônio Líquido;REAL;MIL;ÚLTIMO;2022-01-01;2022-12-31;Lucros ou Prejuízos Acumulados;5.07;Saldos Finais;-23286677.0;S
09.305.994/0001-29;2022-12-31;1;AZUL S.A.;24112;DF Individual - Demonstração das Mutações do Patrimônio Líquido;REAL;MIL;PENÚLTIMO;2021-01-01;2021-12-31;Outros Resultados Abrangentes;5.07;Saldos Finais;5799.0;S
09.305.994/0001-29;2022-12-31;1;AZUL S.A.;24112;DF Individual - Demonstração das Mutações do Patrimônio Líquido;REAL;MIL;ÚLTIMO;2022-01-01;2022-12-31;Outros Resultados Abrangentes;5.07;Saldos Finais;5281.0;S
09.305.994/0001-29;2022-12-31;1;AZUL S.A.;24112;DF Individual - Demonstração das Mutações do Patrimônio Líquido;REAL;MIL;PENÚLTIMO;2021-01-01;2021-12-31;Patrimônio Líquido;5.07;Saldos Finais;-18333003.0;S
09.305.994/0001-29;2022-12-31;1;AZUL S.A.;24112;DF Individual - Demonstração das Mutações do Patrimônio Líquido;REAL;MIL;ÚLTIMO;2022-01-01;2022-12-31;Patrimônio Líquido;5.07;Saldos Finais;-19007500.0;S
